gene_id,mean
LOC127698167,-0.6613116997314705
LOC127698174,0.3263052252213115
LOC127698181,-0.9884335507654642
LOC127698188,-0.3215582765806399
LOC127698198,0.38398895462817073
LOC127698199,1.0496018486498382
LOC127698259,0.09308599924554768
LOC127698263,0.04386147725845131
LOC127698272,0.4232254065224719
LOC127698338,-0.17818282601113086
LOC127698385,-0.32722955677992116
LOC127698395,0.1037820228062849
LOC127698408,0.44111520098656987
LOC127698410,0.2430417861432796
LOC127698474,-1.405728064428225
LOC127698480,-0.2539586311401156
LOC127698551,0.03931008078364925
LOC127698560,0.1877132922946778
LOC127698564,0.3393539892511927
LOC127698571,-1.5452607853294282
LOC127698596,-1.0687728243663401
LOC127698607,0.6966892376270045
LOC127698633,0.5027807883813769
LOC127698634,0.22042623053033047
LOC127698635,-0.2265715825611153
LOC127698650,0.003076200177240279
LOC127698657,0.626006380795834
LOC127698673,-0.6342063037222224
LOC127698679,-0.010036750606651344
LOC127698684,-0.46059592501613417
LOC127698725,1.5012691836340877
LOC127698758,0.30834878692663475
LOC127698771,0.6255719794917577
LOC127698780,-0.013824458658656696
LOC127698781,-0.6682740112496357
LOC127698783,-0.5353955811303401
LOC127698786,-0.44984354720267905
LOC127698798,-0.6824886021852968
LOC127698809,0.29681527098734584
LOC127698843,0.48467458317479456
LOC127698847,0.5313167466469431
LOC127698854,0.036971899550997854
LOC127698877,-0.015736592879227407
LOC127698878,0.36539584547300635
LOC127698893,0.036971899550997854
LOC127698908,-0.10790032812232336
LOC127698926,0.0169620599887729
LOC127698929,0.005810594509956586
LOC127698934,-0.3899110852873821
LOC127698935,-0.15961703619555084
LOC127698938,-0.5868100481287161
LOC127698939,0.7438931624536718
LOC127698941,0.19222986799241334
LOC127698945,0.020908806222317
LOC127698949,0.11774953370551978
LOC127698954,0.295856666688848
LOC127698959,-0.30319928867116275
LOC127698968,0.3206215621422814
LOC127698981,0.832751532222598
LOC127698983,-0.765784173313168
LOC127698986,-0.9784759450411412
LOC127698999,1.8619993465072047
LOC127699028,-0.17439323578120222
LOC127699065,0.028836839862718955
LOC127699067,-0.5105478116965896
LOC127699073,-0.8049286229410006
LOC127699088,0.03238582194091695
LOC127699117,0.7998772497100665
LOC127699136,-0.5122056501279248
LOC127699195,-0.9410755730950777
LOC127699201,-0.5007221926530142
LOC127699240,-0.24776152264597098
LOC127699252,-0.4688352374124333
LOC127699265,-0.2444606428699096
LOC127699297,0.4517373802173644
LOC127699369,-1.0359254474001482
LOC127699657,-0.2374690696306061
LOC127699683,0.0889598786580944
LOC127699759,-1.6802605656787648
LOC127699821,0.02868737255238203
LOC127699827,0.44976134065293827
LOC127699841,-0.025253919228164265
LOC127699853,0.24591938817348855
LOC127699909,0.5099879190826955
LOC127699935,-0.6727718035141642
LOC127699987,-0.6165019491534883
LOC127699990,-0.13535664571878708
LOC127700008,-0.9945435229749762
LOC127700015,0.23354594375484217
LOC127700018,-0.47943086245218675
LOC127700020,0.5480356311320321
LOC127700030,-0.6461438987620101
LOC127700032,-0.26178041339881586
LOC127700039,0.10137665423002008
LOC127700044,-0.8398392052186394
LOC127700051,0.2236402202610938
LOC127700053,0.41199815643332405
LOC127700054,-1.629186000560003
LOC127700060,0.5566443570892432
LOC127700068,-0.3851748562358125
LOC127700085,-0.34393872415198623
LOC127700153,-0.24017854447039033
LOC127700167,0.14374300662296052
LOC127700191,-0.4812483585074301
LOC127700200,0.21503296755657245
LOC127700210,-0.8021252252554666
LOC127700211,1.0833582350711604
LOC127700224,0.331663091894214
LOC127700226,1.55057977276733
LOC127700229,-0.05360888263216364
LOC127700231,0.18587068546931415
LOC127700237,0.5340492697488017
LOC127700238,0.21179631882785502
LOC127700250,0.7756241993367053
LOC127700253,-0.17503984937924968
LOC127700340,0.6766600837408218
LOC127700341,0.6720758634099412
LOC127700383,0.15192089042725213
LOC127700395,-0.11043718730533753
LOC127700404,-0.3486304337416479
LOC127700407,-0.034603947459285495
LOC127700409,0.6466181625073083
LOC127700411,-0.05361257558164423
LOC127700413,-0.13318207072820648
LOC127700432,0.08859865259428386
LOC127700449,0.18575371236041632
LOC127700466,0.10231298220890178
LOC127700530,0.32118577408652216
LOC127700561,0.311422449597439
LOC127700574,0.18059052734565006
LOC127700592,0.14048516729946864
LOC127700596,-0.35717891492848
LOC127700646,-0.22633168217708766
LOC127700649,-0.35839475119135444
LOC127700652,0.5653410275831193
LOC127700656,0.12869495136855172
LOC127700681,0.7329946788467421
LOC127700683,0.0414055490792819
LOC127700684,0.0044730651394354615
LOC127700686,0.12959536434094177
LOC127700688,0.43157814332220457
LOC127700700,0.20647749133043947
LOC127700705,-0.1919367359288841
LOC127700732,-0.11792155226234562
LOC127700737,-0.22365073283231487
LOC127700754,0.07329505016524984
LOC127700809,-0.3767111340224252
LOC127700815,-0.018473578825705172
LOC127700816,0.2172254732539302
LOC127700820,3.3686048379070463
LOC127700822,0.456672297121893
LOC127700868,2.8664006219524594
LOC127700873,0.01679976118578792
LOC127700874,0.3823808604740039
LOC127700904,0.2686445116242624
LOC127700912,0.44493176421839686
LOC127700916,-0.12662111266045056
LOC127700919,-0.13833245109836995
LOC127700923,-1.8521896942778378
LOC127700924,0.24177237148966035
LOC127700926,0.47172734044101333
LOC127700932,0.7177485968167997
LOC127700935,-0.8149131321940462
LOC127700936,0.06367276802366027
LOC127700939,-0.5579195205653078
LOC127700943,-0.08441083584091816
LOC127700956,0.7181732733568894
LOC127700965,-0.6191254151976656
LOC127700985,0.018114788756652827
LOC127700989,0.2914804712791071
LOC127700990,0.0904512915484929
LOC127701000,1.0308793739983484
LOC127701015,0.21487639762913094
LOC127701025,0.40311769204742387
LOC127701028,-0.11263601800792174
LOC127701048,0.5208607692235004
LOC127701050,-0.24392683201695975
LOC127701062,0.2984154549068051
LOC127701087,0.5208607692235004
LOC127701098,-0.06292514201986552
LOC127701119,-0.8143456357176574
LOC127701134,0.6173755440515527
LOC127701135,-2.545242673038549
LOC127701138,0.382552441787916
LOC127701139,-0.09606341716668021
LOC127701140,-0.5462027668693062
LOC127701141,-0.7435816529185529
LOC127701144,-0.27802107067026033
LOC127701145,0.4644726230410566
LOC127701146,-1.0233044370491025
LOC127701149,-0.04364616274056458
LOC127701153,0.0966240330512769
LOC127701157,-0.06814444999868594
LOC127701160,-0.13677233919620865
LOC127701161,0.5692698742166423
LOC127701167,-0.46356132927147076
LOC127701180,-0.5240015837275339
LOC127701182,2.1212577398823034
LOC127701231,-0.4176754326931791
LOC127701233,0.146547914129564
LOC127701262,0.5544372113954499
LOC127701264,-0.23794675426619613
LOC127701268,0.12116289808345283
LOC127701270,-0.21010261467915087
LOC127701277,-0.0015080730551455535
LOC127701282,0.18474108667411054
LOC127701296,0.48518133881321623
LOC127701298,0.2738264657041348
LOC127701319,-0.031072274727002712
LOC127701320,-0.35242269073967986
LOC127701324,-0.0940268400002167
LOC127701328,0.05660837384221473
LOC127701332,0.3863565620024254
LOC127701343,0.1338671819411939
LOC127701351,0.1973409192780507
LOC127701418,0.05417218909000119
LOC127701421,0.38684533983128777
LOC127701449,0.2543093937742388
LOC127701451,-0.29098709752972507
LOC127701454,0.0658972753092969
LOC127701468,-0.4547188184342878
LOC127701469,0.0170313676650928
LOC127701485,0.2585183604019824
LOC127701487,0.4375029299673513
LOC127701495,-0.6080130996956726
LOC127701502,-0.17877028446520132
LOC127701510,0.3356486052185607
LOC127701524,-0.4472164391534923
LOC127701548,0.5541074220302601
LOC127701549,-0.14595969267530406
LOC127701552,-0.029872804029283644
LOC127701562,0.44070482255965304
LOC127701605,-0.5295528438170422
LOC127701625,-0.517717604919511
LOC127701635,-0.28936623083740065
LOC127701655,0.14126469685128523
LOC127701656,-0.21905701289073073
LOC127701659,0.27704857429984564
LOC127701662,-0.2726881776362103
LOC127701686,-0.4042212663036803
LOC127701706,-0.32897157430163065
LOC127701754,0.07049562085291658
LOC127701763,0.2837525367259349
LOC127701785,-0.4469906999947105
LOC127701789,1.2560087815533585
LOC127701795,-0.2633260666439643
LOC127701802,1.8969985853024975
LOC127701803,0.5339086105564788
LOC127701810,-0.21675002020207515
LOC127701814,0.5415219570710462
LOC127701849,-0.12761794513187125
LOC127701850,0.049938711944453505
LOC127701870,-0.5633049011313818
LOC127701889,-0.7395883559515173
LOC127701895,0.9543019063233059
LOC127701901,0.5432985577164378
LOC127701937,3.0091271824500185
LOC127701945,0.3049365397143623
LOC127701950,-0.16316991454706403
LOC127701955,-1.6734550861416546
LOC127701961,0.682455389701151
LOC127701984,0.4423566921629764
LOC127701997,-0.21750990792648228
LOC127702004,-0.5126599913773413
LOC127702009,0.2784120786384693
LOC127702010,-0.03761330561533021
LOC127702019,0.11656797834234037
LOC127702022,-0.67918906075913
LOC127702024,0.5429435535957492
LOC127702034,0.28305878983248967
LOC127702051,0.9230173549678831
LOC127702069,0.9909747719855149
LOC127702076,0.057309478164934605
LOC127702079,-0.07279386746981621
LOC127702084,0.030845076407294652
LOC127702120,-0.4060393901107785
LOC127702121,-0.24604050769817454
LOC127702128,0.415875040570516
LOC127702133,0.3679583512298782
LOC127702134,0.08170055088706563
LOC127702136,0.11314900200007917
LOC127702154,0.24395143808208214
LOC127702155,-0.23875991963334975
LOC127702198,1.0407894795539439
LOC127702205,1.0407894795539439
LOC127702222,0.48244554055542405
LOC127702228,-0.11619574538401756
LOC127702283,-1.6651084165479089
LOC127702286,0.24006392165696827
LOC127702288,0.11505753156034074
LOC127702314,0.16817251675899686
LOC127702315,-1.8156377371105288
LOC127702316,-0.45018750354953946
LOC127702334,-1.1521221564454203
LOC127702350,-0.1458881387144025
LOC127702354,-0.034029848838960305
LOC127702387,-0.21806525123742537
LOC127702410,0.2328424647611407
LOC127702419,0.28915711178431225
LOC127702426,-0.7540673015816073
LOC127702447,-0.25545955293484446
LOC127702450,0.41466215389523037
LOC127702453,0.318491093525133
LOC127702464,-0.5882124873920276
LOC127702471,-1.3467209063235366
LOC127702477,0.6665252506519929
LOC127702493,-0.24326384439199905
LOC127702509,-0.41241147457829547
LOC127702512,0.48291127105022735
LOC127702513,-0.04637187169025939
LOC127702524,-0.5843015081294054
LOC127702591,-0.1567302612713788
LOC127702605,-0.3662078385457911
LOC127702613,0.3836513969237765
LOC127702622,0.21276092175057018
LOC127702655,-0.12191773930543812
LOC127702666,-1.6381763279397707
LOC127702668,-0.5317540690010629
LOC127702670,-0.5775577207796209
LOC127702691,-0.113990567182773
LOC127702710,0.18224412829410058
LOC127702714,0.1752569937744393
LOC127702715,-0.7422398728974439
LOC127702719,-0.5898146061993681
LOC127702721,-0.9189250680311993
LOC127702737,-0.24255966027653988
LOC127702739,0.20569302366289022
LOC127702753,0.06671521660693641
LOC127702759,0.9024081376299318
LOC127702762,0.07327418319855186
LOC127702764,0.16839762708184058
LOC127702778,0.08263991639388496
LOC127702779,-0.5318104171358364
LOC127702785,0.3573911961956019
LOC127702791,1.9934046822621037
LOC127702809,-1.478126037375996
LOC127702811,-1.1145413344998312
LOC127702813,0.2973414850551296
LOC127702817,-0.12837151846203124
LOC127702833,0.05669004056398812
LOC127702843,0.2169699288772971
LOC127702852,-0.22612684440546163
LOC127702856,-0.5912344427572832
LOC127702863,-0.7122334521966378
LOC127702875,-0.3878979871002688
LOC127702893,-0.08647517563821291
LOC127702911,0.664931497108112
LOC127702914,-0.5608821246470005
LOC127702928,0.0782278729596623
LOC127702929,0.31917104487323233
LOC127702942,-1.0906236961055735
LOC127702946,-0.4386129391994999
LOC127702953,-0.12716375751839543
LOC127702987,0.7858721424193631
LOC127702988,-0.8224019550740669
LOC127703019,-0.1740126811966559
LOC127703027,-0.4101356540075385
LOC127703031,0.3054457687677311
LOC127703037,-0.13081151150802184
LOC127703039,0.4954109089080293
LOC127703064,0.21547008339181722
LOC127703090,-0.6294133316952857
LOC127703103,1.736933292842303
LOC127703107,-0.4061683223944477
LOC127703143,0.06860947081006402
LOC127703148,-0.2528792862353088
LOC127703151,0.6553354820780148
LOC127703176,-1.911079780662932
LOC127703185,0.7288913758890816
LOC127703194,-0.17280518052975202
LOC127703210,-0.7117844391064841
LOC127703212,0.35861564993468237
LOC127703215,-1.5652106544921807
LOC127703225,0.8541667553146751
LOC127703226,-1.2928852197465175
LOC127703258,-0.1308819562215039
LOC127703266,-1.0576167117525925
LOC127703283,-0.40719308780549923
LOC127703749,-0.14404645548273856
LOC127703772,-0.031204190069246733
LOC127703817,0.4309827840490134
LOC127703855,0.12606808351031476
LOC127703947,0.1628307978667251
LOC127704151,0.2420301421771697
LOC127704173,-0.15377181090815695
LOC127704195,-0.9722857240650815
LOC127704196,0.7849760798870558
LOC127704206,-0.3543664678276064
LOC127704214,-0.17381530940441137
LOC127704257,0.14013866950256795
LOC127704259,0.2883583146442217
LOC127704260,-0.768401258879841
LOC127704270,-0.14421396440745166
LOC127704276,-0.20102690439275997
LOC127704278,-0.0011496254249089657
LOC127704284,-0.08117924797438467
LOC127704286,0.982733175331887
LOC127704289,-0.5405728410478723
LOC127704333,-0.5919460552311728
LOC127704335,0.1266791371987595
LOC127704349,0.36086511456067133
LOC127704357,-0.289866070882166
LOC127704388,-0.03845129815264917
LOC127704394,-0.36235672924271967
LOC127704415,-0.6444278788231905
LOC127704471,0.08810875487532432
LOC127704476,0.8769067802305343
LOC127704500,0.3603033807852286
LOC127704502,-0.13487054000597717
LOC127704505,-0.15036862161874406
LOC127704527,0.770572850502055
LOC127704537,-0.27852657328211067
LOC127704540,-0.2342869634361393
LOC127704548,-0.22879588060154935
LOC127704569,0.41249210666648584
LOC127704571,-0.18183519005646934
LOC127704613,-0.12675698700123866
LOC127704631,-0.15235320268450453
LOC127704636,0.2775667880599438
LOC127704637,-0.02515304607913114
LOC127704655,-0.13115281643216167
LOC127704662,0.14551803220948978
LOC127704674,0.11089610704623706
LOC127704682,-0.6860279087438009
LOC127704699,0.019807909621103698
LOC127704709,-0.45525673499979347
LOC127704711,-0.751822395965351
LOC127704732,0.6612147474722475
LOC127704734,-0.32254398340388973
LOC127704735,0.5968607332849909
LOC127704736,0.27096426347652086
LOC127704738,-0.4289645795119036
LOC127704759,-0.1131552534587337
LOC127704771,0.07360810073461249
LOC127704799,-0.0672773636323949
LOC127704819,0.013931529753476312
LOC127704935,0.31514449581503495
LOC127704936,0.5665521230527227
LOC127704945,0.16326420260183977
LOC127704949,-0.6179518575824223
LOC127704952,0.8487831303729861
LOC127704964,-1.3853342389123662
LOC127704972,-0.3432437116213942
LOC127704976,0.4857075291820753
LOC127704992,-0.34612850665665196
LOC127704993,0.510602802305043
LOC127704998,-0.31991467145643415
LOC127705021,0.5102367033845914
LOC127705024,0.5185632950551918
LOC127705025,-0.3731374482264079
LOC127705036,-0.4879239626425288
LOC127705037,0.44074166344114396
LOC127705044,0.801985440843988
LOC127705058,0.14914552860933822
LOC127705068,-0.38307105848079614
LOC127705069,1.707882061316636
LOC127705072,-0.050800432307050156
LOC127705073,1.6481283588041893
LOC127705092,0.19890736607500578
LOC127705114,-0.024704579390151565
LOC127705116,-0.00931750374181298
LOC127705124,0.4245140198145155
LOC127705178,0.6357400692937774
LOC127705179,-0.3986452088321828
LOC127705183,-0.28654097586537686
LOC127705185,0.019614961508003396
LOC127705190,-0.27568734853044624
LOC127705192,0.7767674040014638
LOC127705233,-0.13751296392822504
LOC127705234,-0.8488331771326834
LOC127705237,-0.25891740791543466
LOC127705243,-0.790043286912064
LOC127705245,-1.2415939034090415
LOC127705275,0.21214470831974364
LOC127705313,-0.10512746277444474
LOC127705373,-0.765104092452125
LOC127705374,-0.21513300476710706
LOC127705375,0.3433226231106748
LOC127705376,0.4162847515175482
LOC127705384,0.30169794883174494
LOC127705414,-0.9371423083022701
LOC127705450,-0.2138143391959243
LOC127705541,-0.614307322984879
LOC127705555,0.013406415443842367
LOC127705580,-0.3416972129694941
LOC127705605,-0.16661746337625827
LOC127705620,-0.1940566190396799
LOC127705636,-0.8593547552927033
LOC127705637,-0.23809069029363555
LOC127705639,0.11853751202764957
LOC127705680,-0.7157787233309011
LOC127705750,-0.21485416719492167
LOC127705753,-0.4046390395240017
LOC127705757,0.14923376792859977
LOC127705760,0.19592286488057425
LOC127705774,0.09512202543023862
LOC127705801,-0.43959030496170415
LOC127705843,0.25836378108353075
LOC127705859,0.02206473689662043
LOC127705863,1.0047362266696562
LOC127705870,0.05851293780002355
LOC127705879,-0.11217348559269463
LOC127705932,-0.17166039359842344
LOC127705943,0.15727063876401362
LOC127705969,-0.06330854868440813
LOC127706004,-0.08650486444824074
LOC127706005,-0.40745586236874337
LOC127706006,-0.6273575549279152
LOC127706014,0.3703535722399134
LOC127706039,-0.028215617446336532
LOC127706044,-1.1392281113716223
LOC127706047,0.02637155906981914
LOC127706048,0.628125164738503
LOC127706049,0.9121210572850083
LOC127706050,0.026806646364323443
LOC127706052,-0.891413910242553
LOC127706076,-0.6562372809772109
LOC127706092,0.3145636544181428
LOC127706093,-0.11266600402257432
LOC127706185,0.2782525857946089
LOC127706186,0.28115990358937926
LOC127706190,0.007184438836556277
LOC127706191,0.14532418423492333
LOC127706192,0.3105315112696191
LOC127706207,-0.010053563563248468
LOC127706231,-0.7544786512405548
LOC127706268,-0.447409772330065
LOC127706274,0.48236574173799096
LOC127706280,0.5531523586196339
LOC127706285,0.14865533815791038
LOC127706292,-0.5173063646540086
LOC127706298,1.9879053228461172
LOC127706346,-8.837273665662781e-4
LOC127706353,0.11716254228222503
LOC127706355,-0.20180108085397294
LOC127706380,-0.11518901362394256
LOC127706389,-0.25978879125151194
LOC127706394,0.24782970270149693
LOC127706409,-0.5136643009827078
LOC127706422,-0.15560500946559808
LOC127706440,-0.16707706957762292
LOC127706441,-0.1455997614390533
LOC127706468,-1.4022777999172547
LOC127706470,-0.22662737667183178
LOC127706473,0.7039409249531897
LOC127706478,0.26272046955096406
LOC127706502,-0.32271552724907776
LOC127706507,-0.20669591893007114
LOC127706551,0.377837809691469
LOC127706555,-1.206957955946581
LOC127706558,-0.07406208085618485
LOC127706563,0.17317803360299489
LOC127706564,-0.054011136362294855
LOC127706577,-0.6007320493959922
LOC127706579,0.13160384049476176
LOC127706605,-0.5809111112938725
LOC127706615,0.011231105427891361
LOC127706632,0.7345340176658302
LOC127706646,-0.19214291772620617
LOC127706661,0.263182857251091
LOC127706672,0.4121720540292806
LOC127706696,-0.41571555510159985
LOC127706718,0.2883583146442217
LOC127706721,0.5031457891908575
LOC127706725,-0.047768945898107804
LOC127706732,-0.6415430072996101
LOC127706733,0.9103606204532654
LOC127706775,0.015178114693597995
LOC127706815,-0.056179312043329065
LOC127706826,0.7085949534664867
LOC127706838,-1.0360353000222076
LOC127706841,1.375383046824443
LOC127706852,0.21293114187592493
LOC127706855,-0.07738838902100982
LOC127706940,-0.2870161045799068
LOC127706951,-0.0027928753487888773
LOC127706969,-0.2891061218704628
LOC127706977,-0.6757611558008412
LOC127706983,-0.4414205030861371
LOC127706996,-0.7942084182053086
LOC127707006,-0.2353179355788379
LOC127707051,-0.11931828441628317
LOC127707310,0.1196563262450354
LOC127707340,-0.5713649120121628
LOC127707405,-0.17840501902299213
LOC127707429,-0.7563110983152745
LOC127707465,-0.34193287343188766
LOC127707469,0.45590015602215433
LOC127707482,-0.6301270707028535
LOC127707485,1.060706014121474
LOC127707560,-0.5017785659312167
LOC127707599,0.5105791997186697
LOC127707607,-0.3524848988953554
LOC127707609,-0.6661250743187873
LOC127707610,-0.3328824816231998
LOC127707630,0.21140357097212575
LOC127707632,0.14184055284460398
LOC127707633,-0.2988876354511048
LOC127707640,0.38052578016182115
LOC127707667,0.26379885603331293
LOC127707679,0.22288123406767457
LOC127707682,-0.09625430380375928
LOC127707683,-0.04367239528823789
LOC127707693,-0.286571644102894
LOC127707695,0.5543301793762099
LOC127707696,-0.1788572141352768
LOC127707699,0.31223564647681407
LOC127707709,0.1060126371917448
LOC127707717,0.1687149526251566
LOC127707756,-0.7723901876148151
LOC127707810,-0.2407642908135958
LOC127707813,0.8999475567219787
LOC127707815,-0.36387043883088654
LOC127707870,-0.7596172518884711
LOC127707877,0.681776617566867
LOC127707881,-3.137078080404112
LOC127707887,-0.1807123148174096
LOC127707900,0.16056328939314496
LOC127707906,0.382218460404211
LOC127707927,-0.18528083431314635
LOC127707929,0.3564415747844348
LOC127707933,-0.7238509212909147
LOC127707937,-0.35707155018793657
LOC127707947,-1.0787185152404142
LOC127708006,-0.07733098038478123
LOC127708011,-0.10504136824655297
LOC127708016,0.05314323910820709
LOC127708059,-0.5690805423949972
LOC127708061,-0.7240387984567765
LOC127708069,0.2999216489728772
LOC127708075,-0.29832557863708825
LOC127708078,0.485458455452841
LOC127708079,-0.6970378788756688
LOC127708116,0.07146903683265746
LOC127708119,0.9496792747081966
LOC127708127,0.012875390546738271
LOC127708138,0.00747083963139814
LOC127708165,-0.11661175945141153
LOC127708169,-0.002598838696042616
LOC127708185,1.0097927496638013
LOC127708218,-0.35033207681003337
LOC127708222,0.18919286269599747
LOC127708237,-0.17590971267101413
LOC127708259,-0.22315225128778707
LOC127708284,0.20931945947503955
LOC127708295,-0.7012530101688741
LOC127708304,-0.17529750535401448
LOC127708312,1.3576594982358676
LOC127708314,0.04539696361728828
LOC127708333,0.15532966933634557
LOC127708339,1.5389429941787143
LOC127708342,-0.16979259576482475
LOC127708371,0.30457672180894946
LOC127708376,0.24263097792746194
LOC127708382,0.33535370290065303
LOC127708386,-1.228835044762631
LOC127708397,0.17293424830572862
LOC127708421,0.1547422518670662
LOC127708424,-0.21522776480743894
LOC127708449,0.3245593792999618
LOC127708457,-1.682915681368818
LOC127708473,-1.035481441401232
LOC127708483,0.05696696429228218
LOC127708495,-0.2849098636465911
LOC127708522,-0.30933975327938795
LOC127708532,0.43394043758708745
LOC127708559,-0.10681043819126071
LOC127708571,0.39608488083792237
LOC127708573,-0.7577071580054933
LOC127708575,0.21534997002862946
LOC127708599,0.3820893500733196
LOC127708605,0.32505367052011336
LOC127708623,-0.20583768249157422
LOC127708636,0.07007889597203729
LOC127708637,-0.3802841290353065
LOC127708646,-0.2656566049864103
LOC127708658,0.04452824544457523
LOC127708660,0.4179828928804323
LOC127708661,2.511216101256424
LOC127708664,0.5694298814584626
LOC127708667,0.22396411581860187
LOC127708670,-0.822643449337227
LOC127708680,-0.06265086121822183
LOC127708687,-0.3316471295602231
LOC127708693,-0.5926269191859092
LOC127708697,0.8557860445869597
LOC127708706,-0.35999603591729007
LOC127708708,-0.5570845436097035
LOC127708721,0.12988893544790836
LOC127708775,0.4024099318045078
LOC127708779,-0.47203152496059814
LOC127708788,0.07717249985834838
LOC127708801,-0.0810300978550147
LOC127708809,0.07749604426492386
LOC127708810,0.3157788597152647
LOC127708842,0.1730268384099805
LOC127708849,-0.19500854551218175
LOC127708856,-0.6580917162298896
LOC127708859,-0.05103045477433093
LOC127708860,0.19062218033438544
LOC127708916,0.29944559977672836
LOC127708918,-0.011417248513244561
LOC127708919,-0.7802740730244135
LOC127708925,0.0494604783078544
LOC127708932,0.6224940367435569
LOC127708934,-0.23080737886270913
LOC127708941,0.158992434989233
LOC127708956,-0.01625498380984769
LOC127708970,0.5389596824937257
LOC127708971,0.42530169466260354
LOC127708972,0.42787162384204985
LOC127709014,0.06697992085741522
LOC127709028,0.22336883438138833
LOC127709030,0.05153607811571766
LOC127709049,1.7475036182243318
LOC127709056,-0.6586470499368652
LOC127709070,0.28657311117323436
LOC127709077,-0.23692947409024384
LOC127709079,-0.46643404616219947
LOC127709090,0.43010897261632963
LOC127709118,-0.33698716034643217
LOC127709119,0.5967720980994885
LOC127709120,-0.6799835761546131
LOC127709124,-0.31502209583816404
LOC127709190,-0.045625672751515356
LOC127709210,-0.49907912535101523
LOC127709216,-0.3913923790908214
LOC127709244,-2.4702820754161703
LOC127709246,-0.8208990920609281
LOC127709251,-2.418785050182386
LOC127709270,0.6704721655564424
LOC127709271,0.2165032371814507
LOC127709274,0.0979338942934762
LOC127709279,0.019001383668650257
LOC127709287,0.794161410134935
LOC127709333,-0.1204684097768912
LOC127709343,0.15481502742275757
LOC127709350,0.2439944381555752
LOC127709365,-0.7628760531773939
LOC127709374,0.5192437716880347
LOC127709375,-0.23988303060156224
LOC127709377,-0.19164865296992492
LOC127709378,-0.22419319545043384
LOC127709396,0.8947362652672244
LOC127709397,1.4381228708645577
LOC127709399,0.45718868391093576
LOC127709433,-0.4811550371607705
LOC127709442,-0.4601286135120465
LOC127709457,0.9852074506763538
LOC127709458,1.1662790317882925
LOC127709481,0.24651000455067618
LOC127709502,0.09332449121356008
LOC127709512,0.26519806192923395
LOC127709524,0.28682277192257233
LOC127709550,-0.761680548125606
LOC127709558,-0.2388892709827916
LOC127709602,-0.8108307388438074
LOC127709614,0.35472864899248485
LOC127709617,0.4933119201022959
LOC127709627,0.33045293296469236
LOC127709634,-0.7312328243315204
LOC127709646,0.012461718203982064
LOC127709671,-0.329760297395781
LOC127709697,0.32341728399814773
LOC127709698,-0.09516412223473407
LOC127709703,-0.016005680984246495
LOC127709707,0.05337447801464894
LOC127709731,0.012262226815100431
LOC127709737,-0.726981896007967
LOC127709738,0.4290457554005168
LOC127709740,-0.15635186356262962
LOC127709794,0.7317256100715535
LOC127709796,0.08008992538138796
LOC127709830,-0.3239174846133049
LOC127709832,-0.08404507482996554
LOC127709845,0.1589032682956844
LOC127709846,0.08265038526446133
LOC127709864,0.3550643366697068
LOC127709888,-0.27306489371016074
LOC127709894,0.00502745973304405
LOC127709897,0.08408417532907092
LOC127709914,1.49332623975313
LOC127709947,0.2534496304338155
LOC127709954,-1.034928002894541
LOC127709961,-0.16275733278258553
LOC127709969,0.39921869480087047
LOC127710008,-0.046109723476007614
LOC127710036,-1.267082649420028
LOC127710042,0.39601802134662634
LOC127710073,-0.10357655227542803
LOC127710080,-0.2006063354161107
LOC127710082,-0.7465805346466934
LOC127710109,0.18327480916644703
LOC127710114,-0.01904630626703585
LOC127710128,-0.30472818936513724
LOC127710158,0.48868974279848815
LOC127710179,-0.3744551432817532
LOC127710202,0.6279284395685487
LOC127710204,-0.19460334447177052
LOC127710214,0.8265807906191301
LOC127710219,-0.4725054232621162
LOC127710234,-0.16892787767511525
LOC127710239,-0.032795098084088946
LOC127710240,-0.31215152450452993
LOC127710258,-0.3469326988305431
LOC127710272,0.9948919834025308
LOC127710285,0.0984850292384416
LOC127710287,-0.538826786837851
LOC127710375,0.6717061270234149
LOC127710401,-0.3659095797372337
LOC127710417,0.6694271337709254
LOC127710433,0.5622295789897942
LOC127710440,-0.15406005726949334
LOC127710445,0.023614216811121073
LOC127710447,-0.25082663309986364
LOC127710464,-0.14341263389850434
LOC127710471,0.5627837107805471
LOC127710476,-0.5736452346778997
LOC127710482,0.7770590412665794
LOC127710483,-0.2713621180896706
LOC127710487,-0.21431550877507338
LOC127710494,-0.012127172930679515
LOC127710501,0.48322236620166337
LOC127710506,-0.06910347449324418
LOC127710508,-0.4767877104448933
LOC127710510,1.3748791811452448
LOC127710528,-0.23491578379537145
LOC127710531,-0.06486496967610773
LOC127710534,-0.26185789788018105
LOC127710536,-0.19521609392441447
LOC127710537,-0.6707501574596433
LOC127710547,0.11881237366839409
LOC127710581,-1.1844526064382335
LOC127710595,-0.23368327632681235
LOC127710621,-0.4112168356889605
LOC127710635,1.4008405412444802
LOC127710646,-0.33045919905737464
LOC127710652,-0.22990214707045523
LOC127710654,-0.1532774803539582
LOC127710663,-0.3740735689941427
LOC127710697,-0.7012759571350526
LOC127710700,-0.25774447503818265
LOC127710711,-0.025247977258163364
LOC127710717,-0.12672543855523935
LOC127710723,-1.0323348757692636
LOC127710745,-0.6331836211160771
LOC127710746,-0.02205895242758033
LOC127710750,0.024578948752197703
LOC127710800,-0.7477144483356148
LOC127710810,1.3629935895432064
LOC127710835,-0.4599498304161121
LOC127710844,-0.07570129763737696
LOC127710845,-0.3315223042412295
LOC127710856,0.3343645622621139
LOC127710861,-0.03494336162136661
LOC127710897,1.292640349717793
LOC127710911,0.40458544238572103
LOC127710918,-0.5178483820717789
LOC127710968,-0.8380891600885462
LOC127710973,-0.2951722402038904
LOC127711010,-0.8100603586278219
LOC127711020,-0.07977977560648143
LOC127711029,0.41452987530165475
LOC127711038,0.3277398277430551
LOC127711053,-0.0024967658880827117
LOC127711055,-0.8676428181447421
LOC127711078,0.6658045564363037
LOC127711137,-0.6177334729311416
LOC127711164,0.5524580157363024
LOC127711167,-0.017045414821181028
LOC127711168,-0.11993815453345867
LOC127711198,0.6361038893770135
LOC127711223,-0.19248025398428553
LOC127711228,0.9471137938145419
LOC127711238,0.09503440862533662
LOC127711256,0.9179381648958598
LOC127711258,-0.4035053367791207
LOC127711278,0.591324894860135
LOC127711298,0.28749825215472813
LOC127711326,-0.007264149628399353
LOC127711329,-0.9111037196911616
LOC127711359,-0.8342504106160955
LOC127711369,0.27244832421406573
LOC127711381,-0.4696482168581484
LOC127711383,0.3171768952765157
LOC127711413,-0.055746489855873105
LOC127711438,-0.5886157181856921
LOC127711441,0.40293164970633194
LOC127711444,-0.10619601615882253
LOC127711449,0.1346209284901629
LOC127711453,0.22511826546477395
LOC127711454,0.14602666387211988
LOC127711484,0.06389135179434524
LOC127711501,0.17354970049424406
LOC127711519,-0.24150088085626875
LOC127711552,0.82370327642258
LOC127711558,-0.558877286149155
LOC127711584,0.8236856563854674
LOC127711599,0.352494209404499
LOC127711611,-0.4243257165014743
LOC127711617,-0.8550872614635279
LOC127711625,-0.45011394484882167
LOC127711628,-1.174126168659602
LOC127711630,0.41207237297178567
LOC127711643,-0.6713646624481859
LOC127711653,0.18116139909275827
LOC127711661,0.4582714638364577
LOC127711664,-0.4166538487664694
LOC127711697,0.19986189256066206
LOC127711707,3.568752315423917
LOC127711710,0.5913108630119809
LOC127711746,0.23155409591751064
LOC127711747,-0.7141729388699511
LOC127711751,-0.248310153236124
LOC127711755,0.8104855266180153
LOC127711878,0.48585391746399104
LOC127711881,0.06651463427803024
LOC127711882,-0.33722744124273973
LOC127711939,1.0945170179876176
LOC127711952,-0.3908992793600952
LOC127711964,1.612509738828456
LOC127711972,0.4351469507570351
LOC127712015,0.1423381391630324
LOC127712017,0.07230190964650735
LOC127712037,-0.23723940081743447
LOC127712038,-1.1859259419570138
LOC127712044,0.35715479744437917
LOC127712058,0.23362327831769594
LOC127712090,-0.09921299453974695
LOC127712104,-0.3977771591651729
LOC127712107,-0.07415562939558978
LOC127712112,0.5130285120830613
LOC127712122,0.21758414874038287
LOC127712131,0.11129238534202197
LOC127712132,0.5903715520859566
LOC127712142,-0.9152941582796125
LOC127712162,-0.1865583505428033
LOC127712183,-0.46670833478895
LOC127712202,-0.4733288803674761
LOC127712219,-0.20246890710189072
LOC127712220,-0.14384382344383312
LOC127712221,-0.07939098266075977
LOC127712224,-0.14680266776050746
LOC127712252,2.559048154725599
LOC127712255,0.26785447587545996
LOC127712258,-0.8965209455510404
LOC127712263,-0.4079994777321957
LOC127712293,-1.020929489839795
LOC127712310,-0.25357327702497723
LOC127712345,1.2942817187400917
LOC127712366,0.4126054299105505
LOC127712372,-0.9524764228716157
LOC127712375,0.004394578651044001
LOC127712376,-0.2600821804349295
LOC127712382,-0.28144358535328223
LOC127712384,-0.7013075540914587
LOC127712402,0.5479746035371894
LOC127712406,0.37320553514646765
LOC127712417,-0.23016187581087844
LOC127712432,-0.08367854859990506
LOC127712434,0.08740565345310954
LOC127712435,0.17195494020611796
LOC127712442,0.0015818230183360345
LOC127712472,-0.4862988276452941
LOC127712497,-1.136281699435278
LOC127712505,-1.0524167401301365
LOC127712513,-0.19237064330464942
LOC127712516,-0.20588207677901318
LOC127712519,-0.3019168530251797
LOC127712520,-1.0506340128790042
LOC127712542,0.6571666334085209
LOC127712545,-0.17300353128590107
LOC127712549,-0.6169431442940377
LOC127712550,0.06571561065793281
LOC127712556,-0.2485322167832787
LOC127712559,0.31946178216562027
LOC127712574,-0.8701270148909248
LOC127712575,-0.44667492472581044
LOC127712617,-0.24894308356163514
LOC127712634,-0.24150088085626875
LOC127712649,1.1456432640456244
LOC127712677,-0.8754143433182864
LOC127712685,0.054161974133776276
LOC127712715,-0.23965232702027567
LOC127712721,-0.9306987899158313
LOC127712723,-0.5764583665569214
LOC127712726,0.28620734819084553
LOC127712733,0.4465413868693792
LOC127712739,0.12488498907489112
LOC127712789,0.4304759919241823
LOC127712829,0.07366932795578449
LOC127712832,-0.6048369981774415
LOC127712838,-0.36537182547871433
LOC127712844,0.18064015077515266
LOC127712846,0.11638037189277359
LOC127712851,0.17032363366232842
LOC127712873,0.1262929914639974
LOC127712890,-0.09885509924790378
LOC127712903,-0.29889533762658893
LOC127712905,-0.23668679264333392
LOC127712999,-0.7720501688407604
LOC127713020,2.340735394665014
LOC127713023,0.4502141732643913
LOC127713084,-0.029622473001540084
LOC127713095,1.2709771145101791
LOC127713099,1.01530725618342
LOC127713109,-0.019323564605329857
LOC127713229,0.2369156717720251
LOC127713612,-0.1313940183574266
LOC127713845,-0.32460047044853463
LOC127713882,0.03167113952185514
LOC127713905,-0.40404794670495486
LOC127713928,-0.471005097313055
LOC127713932,0.1320650264382015
LOC127713943,-0.6579448373431648
LOC127713960,0.34805086108049876
LOC127714014,0.027293296672987695
LOC127714015,0.40999469482915657
LOC127714080,1.7607668946071244
LOC127714096,-0.3086650803668697
LOC127714107,-1.2574680825578095
LOC127714109,0.015808895307712727
LOC127714139,0.14017921521703924
LOC127714148,-0.25294989932132683
LOC127714151,0.2794526264424599
LOC127714154,-0.18743856289389926
LOC127714174,-0.7417375140915632
LOC127714177,-0.4287067147803066
LOC127714194,0.4813437779950277
LOC127714219,-0.3333205897676608
LOC127714225,-1.0939420419348882
LOC127714248,-0.3768541636330029
LOC127714250,-0.827045188368139
LOC127714254,0.37756124258127954
LOC127714261,0.2673447358022111
LOC127714321,0.24638852113425505
LOC127714325,-1.2730227680816903
LOC127714329,0.2253545499534642
LOC127714333,0.6770273521849143
LOC127714378,0.05401077009304528
LOC127714397,-0.11088589415663988
LOC127714409,-0.7863132866025934
LOC127714444,1.1452939573543475
LOC127714471,-0.8763239604695745
LOC127714515,0.1341299699497457
LOC127714522,-0.3788584137065664
LOC127714545,0.05070364276475292
LOC127714611,0.04437867086542731
LOC127714632,-0.46637208482177
LOC127714633,0.5684398314076761
LOC127714648,-0.3730578142061048
LOC127714656,-1.1284830984636143
LOC127714662,0.002947614769112243
LOC127714683,-0.748847245228635
LOC127714699,-0.5501667005395905
LOC127714720,0.4408498473032568
LOC127714742,0.062152566156645946
LOC127714790,0.3144236982608573
LOC127714814,0.438769726364418
LOC127714816,-0.00426505665572624
LOC127714817,0.26282551219434996
LOC127714850,-0.24488259963973424
LOC127714853,0.8795685460199221
LOC127714856,1.4299948541389051
LOC127714860,-0.0655546731523117
LOC127714868,0.8106300140391299
LOC127714898,-0.2788232124572237
LOC127714900,-0.09354288929253485
LOC127714908,0.23036913366016973
LOC127714921,-0.009366865155746635
LOC127714942,0.4406523811418387
LOC127714966,-0.26330710411345637
LOC127714967,0.33476181830308294
LOC127714972,-0.40743017198834475
LOC127714981,0.25326583375440664
LOC127715015,0.2871864781216732
LOC127715034,-0.7964485080315692
LOC127715045,0.18643147306120633
LOC127715079,0.21324062580020658
LOC127715089,-0.7874164569894648
LOC127715091,0.5883454595587785
LOC127715115,0.867267024369184
LOC127715119,-0.019930801555499467
LOC127715177,0.3789403321516409
LOC127715184,0.29469629379037443
LOC127715239,0.2829558800599593
LOC127715241,0.585857397776613
LOC127715242,-0.004181058471184234
LOC127715243,0.13165983058715516
LOC127715261,0.07319697147762648
LOC127715264,0.1448996377312989
LOC127715269,0.2933753470665938
LOC127715270,0.20179715645173196
LOC127715277,0.9645286525974623
LOC127715291,-0.5529365339567129
LOC127715311,-2.414709139342529
LOC127715313,0.23181347726564966
LOC127715340,-0.14681985200252617
LOC127715386,0.2067151005130573
LOC127715417,-0.09096758122949974
LOC127715418,0.6726507569204838
LOC127715428,1.5319687095417924
LOC127715432,1.0730265323092159
LOC127715451,0.3456579133796537
LOC127715454,1.1902042797604018
LOC127715459,-0.10117913676926643
LOC127715502,0.6064352619559534
LOC127715510,-0.052114468061950935
LOC127715513,-0.050202021978528084
LOC127715514,-0.005616911953286165
LOC127715524,0.22922235067144242
LOC127715530,0.47685390282790985
LOC127715545,-0.1592537090194257
LOC127715558,0.3543788581146283
LOC127715560,-0.35174413087924244
LOC127715566,0.17600385238316374
LOC127715573,-0.22280036656874985
LOC127715622,-0.283942882938721
LOC127715629,0.39954582220623824
LOC127715637,-0.1391176466048273
LOC127715639,0.2031057009301428
LOC127715681,-0.25059081826782237
LOC127715745,-0.3655588866153278
LOC127715753,-0.12633406778431092
LOC127715775,0.1136322301463721
LOC127715790,-0.3445618345822218
LOC127715796,0.17518985144455332
LOC127715805,0.2468092425801946
LOC127715813,0.24125213449133703
LOC127715866,1.0993493478313905
LOC127715881,0.7718356457690013
LOC127715883,0.23940564368300385
LOC127715891,0.11731054927609133
LOC127715900,-0.7980316242354363
LOC127715962,-0.6724738936525262
LOC127716004,0.8845636999046291
LOC127716080,0.08088325091298894
LOC127716129,0.6103309507789771
LOC127716148,-0.4219527465272131
LOC127716162,0.41194738565806815
LOC127716166,0.34550063669415937
LOC127716177,-0.1563217007584696
LOC127716178,-1.307660203240216
LOC127716180,-0.40840820984810094
LOC127716181,0.306782678615367
LOC127716183,-0.5057437332882102
LOC127716223,0.445666253056979
LOC127716233,-0.5219518114331961
LOC127716244,0.4919736591436183
LOC127716255,0.13141012691890536
LOC127716296,0.9480870523191988
LOC127716315,0.6033006141090632
LOC127716388,0.6341912806363956
LOC127716392,-0.21074937054677528
LOC127716397,-0.49564588478290394
LOC127716399,-0.5155228664636642
LOC127716401,0.977599356372766
LOC127716404,0.5907793079175085
LOC127716446,-0.0631390308546661
LOC127716465,0.24546060684152493
LOC127716479,-0.312249711840991
LOC127716481,0.9031925634838933
LOC127716483,0.25390346095291383
LOC127716488,0.35228086800051756
LOC127716493,-0.18095370689495086
LOC127716495,-0.3139432677380746
LOC127716501,0.17018329488638334
LOC127716546,0.12540768901910954
LOC127716548,-0.35807726780376664
LOC127716550,-0.5622432762128649
LOC127716571,-1.3132625310313242
LOC127716581,0.13326307213850422
LOC127716584,-0.46819875700896346
LOC127716611,-0.20035469529140398
LOC127716615,0.7577110111661153
LOC127716627,0.25057087638907916
LOC127716642,-0.23956285945629827
LOC127716690,0.31076638350098645
LOC127716728,0.31820842056953796
LOC127717437,-0.10970011587430999
LOC127717464,-0.2218654755828099
LOC127717471,0.38034751662176136
LOC127717479,-0.2742388165715336
LOC127717482,0.01728561804947442
LOC127717490,-0.15166188704584158
LOC127717502,0.026325856696105154
LOC127717518,-0.0739622152530506
LOC127717521,0.23251568252160634
LOC127717539,0.193669749895502
LOC127717546,0.23670087563248177
LOC127717562,0.5891391819386776
LOC127717578,0.9214416426625115
LOC127717580,-0.18288886724113723
LOC127717581,0.15381886992129817
LOC127717587,-0.3839274658903312
LOC127717616,-0.21584695354622244
LOC127717619,0.26680074606916515
LOC127717627,-0.5859227981618575
LOC127717645,0.17210247499864506
LOC127717654,-0.5836312907501735
LOC127717656,-0.0033730768882654174
LOC127717670,0.024097788775016227
LOC127717671,0.07574521463794373
LOC127717707,-0.2039446340098985
LOC127717734,-0.1978917157690818
LOC127717736,-0.13505103890250578
LOC127717737,-0.34372667115719446
LOC127717751,-0.2126434022450457
LOC127717754,0.8930979072999021
LOC127717780,-0.23874155536325026
LOC127717790,-0.1287983199620317
LOC127717804,-0.30110895477187016
LOC127717814,-0.22152267049974894
LOC127717821,0.10029563265134218
LOC127717824,-0.028556754460251767
LOC127717830,-0.5557207502872249
LOC127717849,0.5557052772073492
LOC127717850,0.300072154644314
LOC127717874,-0.21385428913986052
LOC127717880,0.39223332476017253
LOC127717906,2.762601946990821
LOC127717908,-0.7665888635718654
LOC127717910,0.2794766346208617
LOC127717917,-0.2063778180403291
LOC127717919,0.05154052457991015
LOC127717922,0.1655750395790577
LOC127717926,0.8171761047540506
LOC127717928,0.5404014007313451
LOC127717929,0.10774577335550758
LOC127717932,0.5289509197221606
LOC127717946,0.25937203479808757
LOC127717981,-0.4540477665816378
LOC127717993,0.25719675550005894
LOC127718005,0.07686209752091977
LOC127718007,0.1648027258415252
LOC127718035,0.49032227674639556
LOC127718044,-0.8904376648057315
LOC127718046,-0.08046431635982942
LOC127718073,0.15856889775682442
LOC127718075,0.34073623536326203
LOC127718086,-0.49124820144641507
LOC127718111,-1.2359347954014421
LOC127718113,0.791435651135616
LOC127718147,-0.16227970287058693
LOC127718150,0.604644306782417
LOC127718178,0.604644306782417
LOC127718189,0.6738679983461136
LOC127718191,-1.0157514825393148
LOC127718195,0.4993871455509004
LOC127718207,-0.7004777979428883
LOC127718228,0.011723410565635084
LOC127718240,0.20318344191740118
LOC127718241,0.36008943969091295
LOC127718277,0.5146260910968127
LOC127718278,-0.19999859170040574
LOC127718280,0.3227517335602067
LOC127718286,-0.09401081515197222
LOC127718309,-0.22923171075970403
LOC127718339,-0.28463807082417014
LOC127718369,-0.2507128789984263
LOC127718404,-0.3688600800989376
LOC127718452,0.037258612667611685
LOC127718473,-0.42865674291321865
LOC127718513,-2.739984207832336e-4
LOC127718520,0.6544542403994429
LOC127718534,-0.1254158258637665
LOC127718538,0.3584136675804994
LOC127718549,-0.3421801827059757
LOC127718550,-1.0879669684826223
LOC127718561,-0.31210543751432934
LOC127718597,0.7690943689007375
LOC127718602,0.5134570687536646
LOC127718642,-0.3136246838506223
LOC127718671,-1.4590465774300363
LOC127718708,-0.09258746071568714
LOC127718717,0.09739630034849908
LOC127718718,0.1635154904280834
LOC127718732,-0.7376674687235285
LOC127718759,0.1942473313311656
LOC127718780,1.8475359267117584
LOC127718786,0.004917845597707693
LOC127718788,0.966765565537311
LOC127718793,-0.8195358312082448
LOC127718794,-0.37729640807434695
LOC127718825,-0.4078781224932626
LOC127718864,0.031242541846690935
LOC127718866,-0.2856923029691954
LOC127718873,0.2941687411253604
LOC127718879,-0.0541999554820877
LOC127718881,0.14408754476706065
LOC127718886,0.16781560627924008
LOC127718898,-0.05010745420212637
LOC127718900,-0.9085143564993174
LOC127718911,0.11178123684337962
LOC127718926,-0.595677762785842
LOC127718966,0.0330944273219618
LOC127718983,0.40162456207717423
LOC127719044,-0.28097342117172736
LOC127719129,-0.5864349401315233
LOC127719130,-0.6476596376134678
LOC127719131,0.06013530747097906
LOC127719163,0.1581198858112024
LOC127719172,-0.45059983834028966
LOC127719173,0.7918740418985412
LOC127719175,-0.22936838723205305
LOC127719213,-0.04510603106215897
LOC127719220,0.6848573302132113
LOC127719231,0.4579966643117156
LOC127719234,0.24377268501764815
LOC127719311,0.34626118538157113
LOC127719335,0.7995071486478063
LOC127719359,0.8711940851969112
LOC127719386,0.3237168539596957
LOC127719387,0.33636521256617746
LOC127719401,0.2445814610954979
LOC127719404,-0.5001553015893849
LOC127719412,0.7003942151245555
LOC127719414,-0.07227857544484943
LOC127719429,-0.05473835972617151
LOC127719435,-0.05845304106576991
LOC127719471,0.8894753620362574
LOC127719472,-0.1482327724119764
LOC127719482,-0.2977391095941678
LOC127719486,-0.7367779903040028
LOC127719488,-0.010779263857824933
LOC127719536,-0.3131646301435669
LOC127719541,0.20195080438245086
LOC127719555,-0.118582686381078
LOC127719557,0.20078345295725206
LOC127719563,2.71758316423986
LOC127719565,-0.33230130646016315
LOC127719571,-1.4713632923657851
LOC127719584,0.06671751962019165
LOC127719586,-0.10238155105363823
LOC127719611,-0.08569175839217753
LOC127719612,0.7978054798267461
LOC127719636,1.6881384841403158
LOC127719638,1.8012406989280945
LOC127719658,0.6668222420026676
LOC127719659,0.11795304150832753
LOC127719667,-0.15495086865951596
LOC127719697,-0.1247992447036245
LOC127719711,-0.9436201109441846
LOC127719725,-0.23719022201763942
LOC127719749,0.2974495513622237
LOC127719760,-1.7546171566662794
LOC127719764,-0.4023360422439747
LOC127719778,1.006672032130219
LOC127719782,0.06487352937582119
LOC127719787,-2.599702924502506
LOC127719802,-0.7899685370311191
LOC127719810,-0.24534428379779596
LOC127719828,-0.720494893878057
LOC127719877,-0.3784636464938816
LOC127719907,-0.20000425756293227
LOC127719914,0.8854160375816454
LOC127719916,0.07973217520807319
LOC127719921,-0.09146731353511109
LOC127719923,-0.17148184295294483
LOC127719929,-0.15396568993553317
LOC127719931,-0.8901665029798528
LOC127719940,0.8483325257729697
LOC127719949,1.2221596486231145
LOC127719952,0.001668655911381008
LOC127719954,-0.20565633757095075
LOC127719964,-0.43579683723404944
LOC127719985,-0.03396424084413683
LOC127720003,1.5833019923121991
LOC127720007,0.18718640847212029
LOC127720008,-0.10373991008917037
LOC127720009,0.2830495001316966
LOC127720029,-0.8400252486603593
LOC127720043,-1.864003192487653
LOC127720044,-0.4714236479085906
LOC127720070,-0.1531857194787684
LOC127720071,0.05650003640615504
LOC127720077,-0.06779305084167894
LOC127720084,0.09165076733579693
LOC127720121,0.12667380469776163
LOC127720122,1.772841599230644
LOC127720129,-0.20577846897708205
LOC127720137,0.5316661070687329
LOC127720159,0.031065705549251477
LOC127720178,-0.26000117404659195
LOC127720183,0.00102282593455294
LOC127720186,0.4639193910270124
LOC127720188,0.2329094392064327
LOC127720213,-0.7376755265784899
LOC127720214,-0.6602942693914072
LOC127720229,-0.06240283479954976
LOC127720232,-0.1934616627072927
LOC127720236,-0.46323271483851525
LOC127720255,0.4920981184142463
LOC127720258,-0.3501703433460909
LOC127720268,-0.7698852601496107
LOC127720274,0.11803962977231869
LOC127720301,-0.010074233510803434
LOC127720303,0.0575742534145982
LOC127720304,0.13909225900293748
LOC127720308,-0.10735995468106922
LOC127720309,0.15193222455763436
LOC127720330,-0.823914206816406
LOC127720341,-2.047064956097636
LOC127720343,-0.05990558703474569
LOC127720344,-0.7638206977060984
LOC127720356,0.2416419076591254
LOC127720374,0.22598243852835787
LOC127720378,-0.1882986585442646
LOC127720381,-0.8866037539767726
LOC127720390,-0.11809683353280727
LOC127720459,-0.9339882357685833
LOC127720463,0.2703785712751654
LOC127720492,-0.2721151520049536
LOC127720517,-0.26739174790185105
LOC127720520,0.9032959277479234
LOC127720523,-0.080915746146532
LOC127720526,0.10064436590530541
LOC127720540,-0.13490141993920146
LOC127720545,-0.012205875551674308
LOC127720567,-0.6789356758770789
LOC127720573,1.3298534787159195
LOC127720580,-0.21295020129507616
LOC127720583,-0.6423442394222976
LOC127720587,0.5142294047957153
LOC127720597,0.3553304741979556
LOC127720612,-0.009022625278975974
LOC127720623,-0.7759122424445818
LOC127720634,-0.3586349184153729
LOC127720648,0.0925370004673871
LOC127720666,-0.7249776077165355
LOC127720668,-0.27680384026437943
LOC127720669,0.33111357651107515
LOC127720694,-0.051382451386255155
LOC127720699,0.16282971676893554
LOC127720719,1.1568328992480092
LOC127720752,-0.22717349593481373
LOC127720781,-1.1095620531704624
LOC127720787,0.16551380903582633
LOC127720797,-0.1803610420278377
LOC127720799,-0.011840244844863105
LOC127720801,-0.2197006478810419
LOC127720820,0.33254421681236507
LOC127720829,-0.7916298913208836
LOC127720848,0.838757511403112
LOC127720853,-0.06525485457357791
LOC127720857,0.9114870896455991
LOC127720888,-0.0931674461229509
LOC127720909,0.4974489831643449
LOC127720912,-0.15825648492395902
LOC127720913,-0.10135278185811859
LOC127720927,0.07918357057108408
LOC127720964,0.2559477845527143
LOC127721003,-0.0430299648917226
LOC127721058,0.08626343565125166
LOC127721076,-0.1289894196785543
LOC127721086,0.5948528986674846
LOC127721093,0.008795445041159903
LOC127721100,0.9401449480631385
LOC127721104,-1.733226717834004
LOC127721113,0.6841985053008022
LOC127721129,0.21616833132991925
LOC127721154,-0.4846762064135532
LOC127721173,-0.0495557248625488
LOC127721181,0.029732062028558656
LOC127721187,0.3126541393300922
LOC127721227,-0.6047619626963274
LOC127721229,-0.22948852348043328
LOC127721288,0.5497094428819771
LOC127721289,-0.06727730083803049
LOC127721353,1.1138401541313045
LOC127721357,0.20136860394894252
LOC127721359,-0.0852393767064446
LOC127721415,0.1916225146462631
LOC127721428,-0.4010669180235726
LOC127721442,-0.04555012543982412
LOC127721443,-0.33333054312946714
LOC127721444,0.0451281682331123
LOC127721455,-0.6596851464474144
LOC127721465,-0.0329341737665119
LOC127721484,0.08470267689381555
LOC127721485,0.06555151660275166
LOC127721488,1.1102411831250623
LOC127721493,0.4685610875506332
LOC127721502,1.6349418801348972
LOC127721506,0.06464469705848537
LOC127721508,-1.1412823597894115
LOC127721526,-0.10432671871499473
LOC127721530,-0.60132460500474
LOC127721536,0.4321800468587436
LOC127721548,0.0839772331352438
LOC127721559,-0.20581062779021778
LOC127721560,-0.001646413400422042
LOC127721571,0.6982175381532288
LOC127721581,-0.08739984935115139
LOC127721609,-0.07325675250782655
LOC127721643,-0.07192734547606566
LOC127721645,-0.33173289306679377
LOC127721650,-0.08281345466800732
LOC127721651,-0.07177342772856611
LOC127721668,0.1364854537272358
LOC127721670,0.11032866431897256
LOC127721685,-0.15142529638695834
LOC127721686,0.18869982735132837
LOC127721691,-0.13673179801086363
LOC127721696,-0.15095545717766765
LOC127721723,0.3035225322377943
LOC127721730,0.5797566671996588
LOC127721738,0.24803837529785167
LOC127721748,-0.38385373399916217
LOC127721813,0.32905875734589507
LOC127721824,-0.19915650654764672
LOC127721829,-0.3088636029118284
LOC127721838,0.6084986999552574
LOC127721839,-1.0038394540775035
LOC127721860,-0.021189101799236786
LOC127721870,0.16305298175662752
LOC127721898,-0.6197085557100397
LOC127721899,-0.1408028621921311
LOC127721929,-0.2702679678455643
LOC127721949,0.14858159429731563
LOC127721997,0.15321290869709328
LOC127722007,0.7830924416525031
LOC127722041,0.04822798410664509
LOC127722048,-0.3105231778575741
LOC127722059,-0.4026700705722106
LOC127722063,0.5769714019930009
LOC127722088,-0.6656607238326631
LOC127722120,-0.06855571283648657
LOC127722151,0.1724190264177637
LOC127722165,0.13846590829569788
LOC127722200,-0.4393374553190272
LOC127722203,-0.2157375158133695
LOC127722274,0.2835000606834458
LOC127722278,0.05247731376770117
LOC127722284,0.5666620053743221
LOC127722291,0.29371185053908216
LOC127722297,0.05691941255490871
LOC127722301,0.07325426859049264
LOC127722318,2.2619210532333223
LOC127722320,0.11283180909106849
LOC127722327,-0.5414368209344484
LOC127722328,0.8767712706356604
LOC127722364,0.050153443947482626
LOC127722373,0.6739233240641997
LOC127722378,-0.3781670838656277
LOC127722398,-0.3204000014887534
LOC127722399,0.3900567288335089
LOC127722402,-0.5968224744673873
LOC127722412,0.12488519330287241
LOC127722429,-0.7438358592981233
LOC127722445,0.5544406011250905
LOC127722446,-0.12377203208489795
LOC127722466,0.1503651300884279
LOC127722476,0.9127861772739408
LOC127722682,0.38980591796937747
LOC127722919,0.287269087099752
LOC127722974,0.04615582165933015
LOC127722979,0.21124002142081164
LOC127722990,0.2242346627121822
LOC127723030,-0.03775273593725781
LOC127723031,0.43286235700822434
LOC127723032,0.06019318893999391
LOC127723042,-0.08893750110840415
LOC127723057,-0.45234660509583763
LOC127723072,-0.7842150032614114
LOC127723083,0.6676062026403728
LOC127723088,-1.2387710372489982
LOC127723114,-0.18410104870078764
LOC127723140,-1.0469444233680245
LOC127723150,0.45770681190461215
LOC127723193,-0.4412862703995832
LOC127723198,-0.05026429274627722
LOC127723209,-0.875072617957159
LOC127723210,0.9323577238889534
LOC127723211,0.8571456734586779
LOC127723220,0.024737094918928587
LOC127723243,0.34966699255285383
LOC127723254,-0.8676468722423557
LOC127723255,-0.9832798191592812
LOC127723260,-0.2331185241008285
LOC127723270,-0.3312227716174079
LOC127723306,-0.49627343870180995
LOC127723310,-0.5932503095178955
LOC127723320,0.3281829653830961
LOC127723327,0.011590685993543277
LOC127723338,-0.1527636173708595
LOC127723350,0.2234375480871735
LOC127723353,0.4584783711396606
LOC127723375,0.36369591670312573
LOC127723377,0.26063218550457373
LOC127723381,-4.184257323852636e-5
LOC127723407,0.2137771957468091
LOC127723410,-0.07145838561762333
LOC127723417,0.052645106851433116
LOC127723427,1.071990382939834
LOC127723444,-0.08282230853326716
LOC127723461,-0.2609407723915708
LOC127723473,-0.25906236489328743
LOC127723487,-0.19948353086202616
LOC127723518,-0.6009312145171759
LOC127723520,0.21477833495060922
LOC127723540,-0.5510558482340497
LOC127723543,-0.6367321977809297
LOC127723545,-0.5466863477180518
LOC127723546,2.0263174606448215
LOC127723554,-0.7487490789126612
LOC127723555,-0.9059484070615108
LOC127723566,4.966528651555908e-4
LOC127723598,-0.014006996824802727
LOC127723620,-1.27920581577904
LOC127723621,0.00887533629920606
LOC127723648,0.06539528795566313
LOC127723697,-0.3915069113010746
LOC127723700,-0.04282669333988722
LOC127723712,-0.02373557810743267
LOC127723723,0.6043075196245165
LOC127723724,-0.08539667258764774
LOC127723728,-0.72206002070273
LOC127723757,0.006863125954192584
LOC127723765,0.47634126367722707
LOC127723766,-0.7973193879724247
LOC127723782,0.6167784015205937
LOC127723793,-0.23707793225793844
LOC127723828,-0.04206318650851722
LOC127723838,-0.0485039134255378
LOC127723841,-0.09541366986923062
LOC127723843,-0.4403536862665462
LOC127723848,-0.4349726675858232
LOC127723856,0.6248962240575513
LOC127723860,1.6927927572433819
LOC127723870,-1.5853386460221406
LOC127723898,-0.8937200566504102
LOC127723901,-0.3022266673618823
LOC127723908,-0.2232013859488077
LOC127723918,0.13512369126221285
LOC127723932,0.12676386061022132
LOC127723935,0.00887533629920606
LOC127723948,-0.72206002070273
LOC127723951,1.4190514192112913
LOC127723953,0.4868879966924639
LOC127723954,0.43209591940922115
LOC127723959,-0.6871870089001516
LOC127723977,0.021355744560817996
LOC127723983,-0.4331586438546777
LOC127723993,0.9545090145059425
LOC127724012,0.21532624845208728
LOC127724032,0.755409731627148
LOC127724034,-0.15758668283732064
LOC127724052,-0.3745065746216335
LOC127724056,0.633053563829691
LOC127724058,0.30928752439059376
LOC127724077,0.015569677549749455
LOC127724081,-0.10440752331952861
LOC127724085,-0.20013624548023545
LOC127724102,-0.6658109865304636
LOC127724116,0.059840852227693156
LOC127724131,0.22177689271068804
LOC127724150,0.4045959122124414
LOC127724176,-0.07520049032452521
LOC127724180,-0.27990718166539685
LOC127724185,1.1161042268429069
LOC127724218,-0.24848795383056652
LOC127724227,0.7319657868780418
LOC127724238,-0.06203937956933254
LOC127724279,0.11244761388827451
LOC127724304,-0.4211515359938356
LOC127724326,0.602886152643015
LOC127724331,0.305249270634131
LOC127724355,1.0208051060883356
LOC127724357,-0.3681022725675621
LOC127724409,0.16001994725214516
LOC127724434,0.22634552389683033
LOC127724459,-0.3413774407853903
LOC127724473,0.7947307225327407
LOC127724474,-0.13211840113701387
LOC127724480,0.11377941609456552
LOC127724510,-0.5861737643081426
LOC127724538,-0.4745278324055173
LOC127724539,-0.10016522349991543
LOC127724543,-0.01575393697942523
LOC127724559,-0.12715254606747184
LOC127724563,0.519313100001363
LOC127724564,0.9325162464969037
LOC127724590,0.13654280663890045
LOC127724600,0.7439924015428149
LOC127724607,0.23311733171601923
LOC127724635,0.06154463435396342
LOC127724637,-0.06577319356484121
LOC127724638,-0.9768663309398142
LOC127724640,0.044661775693220024
LOC127724646,-0.7709515909242267
LOC127724647,-1.7992071133483947
LOC127724649,-0.2534474958060394
LOC127724653,-0.40237326039572563
LOC127724656,0.07256059128813513
LOC127724657,1.2068352597325254
LOC127724662,-0.24748418187687116
LOC127724673,0.048674241208725835
LOC127724674,0.07240165353521452
LOC127724676,0.7108931297725726
LOC127724684,0.1682691622610261
LOC127724686,-0.2869737933568004
LOC127724690,-0.3632643189843309
LOC127724693,-0.12741651735599147
LOC127724696,0.2118390787002461
LOC127724697,-0.1350402219991366
LOC127724703,-0.28004259243479646
LOC127724706,0.31995300299455376
LOC127724712,0.02934123875116762
LOC127724736,-1.7917283121535987
LOC127724747,0.16371880390890334
LOC127724846,-0.01877132116069323
LOC127724858,-0.11697696421070455
LOC127724875,-0.8173392448779386
LOC127724912,0.3758420986951655
LOC127724918,-2.476727767905479
LOC127724922,-0.19638705261441175
LOC127724946,0.17423441034969997
LOC127724949,0.07329926465323977
LOC127724952,0.25145732224191963
LOC127724962,-0.5323660670584399
LOC127724965,0.13096333606626862
LOC127725184,-0.26168306308508027
LOC127725196,0.0540910410126689
LOC127725238,-0.7077677531837238
LOC127725250,-0.6916896701478498
LOC127725251,-0.10833405127208572
LOC127725257,0.28629409242730974
LOC127725278,0.7988725079945613
LOC127725290,0.03926093299451132
LOC127725296,0.41707010237232506
LOC127725319,-0.6258684592509307
LOC127725335,-1.251006218758545
LOC127725353,-0.9625123297099509
LOC127725378,-0.21777121021249796
LOC127725400,-0.5186511173928945
LOC127725413,0.25956097937041644
LOC127725422,-0.059377830799176794
LOC127725428,0.11293975874326234
LOC127725463,0.09596089288729717
LOC127725477,-0.083877709513003
LOC127725480,0.40957971362318457
LOC127725482,-0.37630990422527505
LOC127725502,1.2996493902905464
LOC127725511,-0.10701151118225405
LOC127725515,-0.8301046430181289
LOC127725533,0.014112249289515355
LOC127725540,0.3238376210459604
LOC127725560,0.9261645766925328
LOC127725572,1.463018938117673
LOC127725579,-0.5402159235045009
LOC127725580,-0.028581746912908663
LOC127725588,-0.0904885778312466
LOC127725599,0.904949474028174
LOC127725600,0.05961133958178888
LOC127725602,0.5645337967641672
LOC127725610,0.04150280699556508
LOC127725627,0.8093390589278646
LOC127725641,-0.9687989713729914
LOC127725659,-0.27520620963718395
LOC127725693,0.06885241265480957
LOC127725699,-0.6509648383172525
LOC127725716,0.5025720262589355
LOC127725744,-0.08067607258364175
LOC127725772,0.17186163379976588
LOC127725779,0.24490387701601302
LOC127725803,-0.05920121608558095
LOC127725814,0.16213601975066985
LOC127725832,-0.2423800836746196
LOC127725833,0.03484835081860596
LOC127725849,-0.9554143686491734
LOC127725855,-0.8074414702190712
LOC127725870,0.7185673625391243
LOC127725885,-0.5059110687269334
LOC127725906,0.9373409093879986
LOC127725913,-0.3473357235154192
LOC127725916,0.37103402470471253
LOC127725944,-0.01756065128047979
LOC127725967,0.274556224079507
LOC127725970,-0.14756447565975783
LOC127725981,0.03679615746345224
LOC127725985,0.26704911524076635
LOC127725988,-0.5048157444471415
LOC127725997,-0.5775189349134798
LOC127726029,0.7793729321456653
LOC127726034,-0.04498701406452922
LOC127726047,-0.4835137286993871
LOC127726048,-0.7999158967605228
LOC127726049,0.22611263106804114
LOC127726112,0.45349880628608913
LOC127726152,-0.3406697912010377
LOC127726221,-0.16853849034951912
LOC127726238,-1.4491046006877193
LOC127726262,0.5993650375900119
LOC127726284,0.41242306294276354
LOC127726286,0.38789969320067247
LOC127726321,-0.032000550929142335
LOC127726325,0.15873166260958965
LOC127726329,-0.506107502131721
LOC127726371,0.6235510879201779
LOC127726380,0.577599859132056
LOC127726382,0.13869079821357452
LOC127726396,-0.5194399222810863
LOC127726400,-1.1325181869848533
LOC127726444,-0.35484532191056684
LOC127726451,0.27096389938086163
LOC127726463,-0.07194764439161148
LOC127726510,0.06497957913637535
LOC127726517,0.7653310374288561
LOC127726540,-0.8363895201538947
LOC127726601,-0.2841204827970555
LOC127726606,-0.9630521349807786
LOC127726618,0.06631385671994339
LOC127726641,-0.32792924634929255
LOC127726654,-1.1321217084963642
LOC127726679,0.4472301247393921
LOC127726702,-1.088417133960499
LOC127726703,0.050588009788294655
LOC127726728,0.14864570364935048
LOC127726750,-1.4728960943100717
LOC127726768,0.16460783761662207
LOC127726770,-0.608651176394134
LOC127726807,-0.6630093896118906
LOC127726914,0.20658708364743206
LOC127726918,-0.18518593432812647
LOC127726924,-0.18518593432812647
LOC127726993,-0.20140157482449453
LOC127727010,-0.0262544781667996
LOC127727015,0.0727507616006797
LOC127727017,0.3834338466861405
LOC127727026,-1.4034522948381871
LOC127727033,-0.03699347996834036
LOC127727037,-0.6693616916715445
LOC127727038,0.5241598950836144
LOC127727039,0.5246343257400965
LOC127727051,0.6559115915397761
LOC127727069,0.4255916631132528
LOC127727071,-0.23026657353376162
LOC127727080,-3.0947736504360472
LOC127727117,-1.2506625139928425
LOC127727119,-1.2506625139928425
LOC127727144,0.31132529824405314
LOC127727147,0.3194624505962251
LOC127727185,-0.6414375236774962
LOC127727186,1.1928345152819912
LOC127727214,0.018947058092914193
LOC127727217,0.4139903010043489
LOC127727225,0.6206360972356683
LOC127727241,-0.16110783231503778
LOC127727247,-0.17550026210224054
LOC127727454,-0.1143803149109186
LOC127727666,0.5746442693379976
LOC127727677,1.040015523681391
LOC127727682,-0.8497773977072619
LOC127727689,0.6165157901959775
LOC127727690,-2.063287938549145
LOC127727718,-0.09112663234593575
LOC127727725,0.5166507509762582
LOC127727729,0.18474301582925529
LOC127727745,-0.11478680505303887
LOC127727747,0.43500028510184624
LOC127727755,0.04500235913403548
LOC127727756,0.22229477143053225
LOC127727760,0.458232296156187
LOC127727766,1.9078431081233171
LOC127727774,0.6232870213205708
LOC127727776,-0.3307614740808907
LOC127727783,0.15242420579508115
LOC127727785,-0.006942410325039339
LOC127727790,0.07065291163147906
LOC127727795,0.5695904022959191
LOC127727811,0.19989980252829423
LOC127727816,0.10186386970524491
LOC127727819,1.3812644491118693
LOC127727820,-0.41759655323044514
LOC127727825,-0.3037235343020752
LOC127727845,-0.2606780338215593
LOC127727853,0.43039659298259747
LOC127727854,0.4731290814826854
LOC127727857,0.4238632242841771
LOC127727860,0.8743485043552955
LOC127727862,-0.23472324412671683
LOC127727864,0.7971421854368724
LOC127727869,-0.251214247353457
LOC127727872,-0.2606780338215593
LOC127727873,-0.4024882500895728
LOC127727884,0.4717115791149701
LOC127727892,-0.16417909971222544
LOC127727917,0.4957970181700849
LOC127727922,0.2852461046835298
LOC127727923,-0.35850599575308584
LOC127727926,0.2874446803408019
LOC127727928,-0.2517022876542759
LOC127727933,-0.3820782225496132
LOC127727935,-0.3823344619567209
LOC127727974,0.06496523651155867
LOC127727975,0.9910275235513237
LOC127727976,-0.26109588042855225
LOC127727977,0.42825105714752454
LOC127727978,0.7251854185341815
LOC127727985,-0.5377817981345384
LOC127727997,-0.7556226288994801
LOC127728000,-0.15324152759775667
LOC127728027,-0.37735771397813966
LOC127728032,-0.046864246920059735
LOC127728040,0.24371220062152865
LOC127728042,0.6688772682483926
LOC127728055,0.409869121232526
LOC127728088,0.07377380523129101
LOC127728105,-0.4469737220996107
LOC127728125,-0.14999436396340485
LOC127728132,-0.6821802386403669
LOC127728146,-0.21110254089962294
LOC127728151,0.5454389855280898
LOC127728199,-0.5951071257613613
LOC127728201,0.48233991115649677
LOC127728203,-0.20755330699823263
LOC127728211,0.07546201614933012
LOC127728231,-0.1260042568185873
LOC127728234,-0.012261074762448079
LOC127728235,0.26450558879896774
LOC127728242,-0.7196426755658458
LOC127728243,-0.7196426755658458
LOC127728248,1.0022959824763802
LOC127728251,-0.5307606372730475
LOC127728257,-0.4334082344102533
LOC127728272,-0.8243810752482568
LOC127728290,0.47009500413214106
LOC127728291,-0.22679442068571504
LOC127728292,0.1472840050670921
LOC127728294,-0.10638495685452778
LOC127728296,-0.6578333396617511
LOC127728304,0.5097161729305515
LOC127728340,1.136724706212555
LOC127728348,-0.5429425320615558
LOC127728372,0.545612396024884
LOC127728375,0.20790043221931617
LOC127728376,-0.20164605835661212
LOC127728405,-0.5040764608383771
LOC127728443,-0.10755344671858916
LOC127728444,0.484997822905221
LOC127728447,-0.42399789782364133
LOC127728451,0.484997822905221
LOC127728506,-0.4908665964244562
LOC127728516,0.14334363843316947
LOC127728525,0.32174744481108997
LOC127728528,-0.12662242339120733
LOC127728529,-0.09108951731515447
LOC127728564,-0.03023469281396236
LOC127728565,-0.23284545392812303
LOC127728566,0.1918378150858843
LOC127728568,0.5975845412863752
LOC127728572,-0.40339568018188277
LOC127728584,-0.21786086040920977
LOC127728591,0.11243981128044579
LOC127728595,-0.6116985995179373
LOC127728608,0.14627784745955327
LOC127728652,0.4062147461723584
LOC127728659,0.852423683057755
LOC127728661,0.3599071747415105
LOC127728670,0.09149310348261842
LOC127728681,-0.16589325653083126
LOC127728683,0.6542775846004848
LOC127728690,0.498494060324544
LOC127728691,-0.34194553818123835
LOC127728693,0.2193052586875476
LOC127728697,-1.7170546981561552
LOC127728699,0.5165330853842629
LOC127728714,0.9371289642813668
LOC127728718,-0.13541733210674806
LOC127728775,0.2891924854920569
LOC127728852,0.2856444065055228
LOC127728876,-0.1621417784180344
LOC127728889,0.6852804289841087
LOC127728907,0.3333843105269026
LOC127728914,-0.1575721487570228
LOC127728931,-0.8798228201428812
LOC127728934,-0.04370511399864648
LOC127728940,0.03665405630270699
LOC127728943,0.5356996983733598
LOC127728945,-0.10770147315611961
LOC127728954,0.4840067865786259
LOC127728959,-0.5605752264897972
LOC127728961,0.32986279234988897
LOC127728963,-1.6097868498885126
LOC127728964,-0.30731716804890535
LOC127728969,-1.523099566013199
LOC127728995,-0.02405809260114946
LOC127729014,-0.11450174517211141
LOC127729020,0.1838044269269763
LOC127729030,-0.3376234919752901
LOC127729053,-0.17988678819117027
LOC127729054,-0.27167614138672447
LOC127729077,-0.8091179698796045
LOC127729103,0.09321875672869079
LOC127729108,-0.3437394910977053
LOC127729128,2.1223627936292866
LOC127729132,-0.25097896474421433
LOC127729160,-0.35267261146362683
LOC127729162,-0.30811829351130515
LOC127729179,-0.10756806446351658
LOC127729194,0.3217647098056535
LOC127729202,0.33009819946682284
LOC127729207,-0.010757149836053793
LOC127729219,-0.05307996995710697
LOC127729221,-0.7576068177023427
LOC127729238,-0.7066663729458897
LOC127729239,-0.6725387549083434
LOC127729256,1.1251794500439152
LOC127729279,-0.12188639588526262
LOC127729300,-0.3874414913714883
LOC127729315,0.24332663386013703
LOC127729319,0.7372086424232902
LOC127729338,0.4646350838143765
LOC127729340,-0.14808357651327023
LOC127729343,-0.3764613621312624
LOC127729345,-0.4637727639498364
LOC127729346,0.006435273638055072
LOC127729352,0.05222853964264953
LOC127729369,0.23479220759375885
LOC127729391,-1.7053426005257992
LOC127729394,-0.6084980090276504
LOC127729395,-0.6084980090276504
LOC127729408,-0.8685534321898423
LOC127729435,0.0548041592747725
LOC127729439,0.7130864696933152
LOC127729457,0.04203858265660881
LOC127729459,-0.17760022674113546
LOC127729488,-1.1394872264537756
LOC127729515,-0.6754783906616216
LOC127729520,0.2974073574065622
LOC127729525,0.6602829748471284
LOC127729553,0.5943151956447981
LOC127729605,0.5903103553152022
LOC127729614,-0.7915777684228
LOC127729618,-0.4991517705632197
LOC127729639,1.950342713250689
LOC127729655,0.4839881574676648
LOC127729666,-0.1370756525066402
LOC127729670,-0.3776649598751574
LOC127729700,2.969351942605204
LOC127729728,0.2851188009281261
LOC127729738,-1.2093882834633545
LOC127729739,-0.41688076053229656
LOC127729746,0.02261292390938824
LOC127729753,0.357348000291753
LOC127729754,0.49338612045701863
LOC127729759,-1.1571152971492427
LOC127729762,0.3527634143519867
LOC127729799,1.9363685121141259
LOC127729800,0.23751743075115725
LOC127729801,0.5396168804175783
LOC127729802,-0.0063714372440040554
LOC127729806,0.19929286212258276
LOC127729811,-0.0042217804611633936
LOC127729818,0.14368779754925598
LOC127729819,0.43783450666594814
LOC127729823,0.19678993793994162
LOC127729843,-0.09772053331674166
LOC127729845,0.01856583370110628
LOC127729861,0.929344304765159
LOC127729880,-0.3001621948102048
LOC127729900,0.29881195833749624
LOC127729914,0.012350720250191571
LOC127729919,-0.3825843301428347
LOC127729948,-0.7754500498902279
LOC127729963,1.3893778826474332
LOC127729973,0.17604019952702094
LOC127729984,-0.5235992535255575
LOC127729992,0.08864782292487958
LOC127729997,-0.2958977106027125
LOC127730002,0.13314053191395073
LOC127730034,-0.3422534341534541
LOC127730039,0.1056660985872255
LOC127730060,0.2209779522399129
LOC127730075,0.5081022754108128
LOC127730076,0.8722831059315862
LOC127730077,0.42666121138935054
LOC127730086,0.44432221802243843
LOC127730105,0.007739665840372068
LOC127730113,-0.2555478950082761
LOC127730132,-0.8665257716342917
LOC127730133,-0.07013473537309513
LOC127730135,0.3019608516243115
LOC127730143,0.29986329831880437
LOC127730167,0.4389685475363912
LOC127730170,0.052310118917799964
LOC127730179,0.17897476185640807
LOC127730180,0.1003276015567075
LOC127730192,0.5169122548884786
LOC127730193,0.1523857487214518
LOC127730232,-0.7064782296590796
LOC127730235,-0.11772073391399442
LOC127730236,0.06001389157989491
LOC127730240,0.3616724312409525
LOC127730249,0.236381215494198
LOC127730265,0.054575674660982745
LOC127730276,0.38631241242851233
LOC127730284,-0.3822403374306605
LOC127730290,0.02341375540975743
LOC127730296,0.9468324983487656
LOC127730300,0.24160359622208202
LOC127730307,-0.36785221037943505
LOC127730314,0.07883214870978694
LOC127730323,-0.5435378160049584
LOC127730336,0.17939059302450372
LOC127730341,-0.12788705536943265
LOC127730346,0.18000901816225967
LOC127730360,-0.305777796176483
LOC127730361,0.38898657993147345
LOC127730362,0.062093640178729086
LOC127730380,1.59861335210958
LOC127730383,0.35429372421980476
LOC127730391,0.12206068072785925
LOC127730405,0.47663662407154417
LOC127730408,-0.020895907322950307
LOC127730409,-0.2835213839361408
LOC127730411,0.22471955360970555
LOC127730412,0.01729919687555363
LOC127730418,-0.15764496462659527
LOC127730436,-0.016878827447914187
LOC127730444,-0.5327392469214736
LOC127730446,0.2903500341162691
LOC127730447,1.1111262581986354
LOC127730455,-0.20065496879580091
LOC127730466,-0.10476912919504504
LOC127730469,0.054263376425433954
LOC127730475,0.396089820418391
LOC127730476,0.054263376425433954
LOC127730477,0.4600781071100245
LOC127730479,-0.2773904477292971
LOC127730481,-0.12840722410964808
LOC127730487,0.5404051386634522
LOC127730521,-0.4137408798302993
LOC127730535,0.222530717538121
LOC127730536,-0.4984620249708054
LOC127730547,-0.331606338520416
LOC127730569,0.028937205693470733
LOC127730585,0.7337198145860137
LOC127730608,-3.063249571625577e-4
LOC127730610,0.3981373100183196
LOC127730612,-0.6890105216654412
LOC127730614,0.05403771722391224
LOC127730622,-0.12965468619489287
LOC127730623,0.8898539223262953
LOC127730624,0.01054603376841623
LOC127730649,0.3042068728684054
LOC127730676,-0.03412192945483477
LOC127730680,-0.1611579832800923
LOC127730732,0.09713819453580551
LOC127730763,0.25823127385836675
LOC127730782,0.1525730492254862
LOC127730800,1.7106595163928913
LOC127730813,1.7445954126551884
LOC127730814,-0.2710436733952256
LOC127730815,0.36245523248765554
LOC127730826,-1.300110964900413
LOC127730828,-0.17407018943107969
LOC127730863,-0.00393153548935856
LOC127730871,0.39094157572801924
LOC127730881,-0.20230709311707756
LOC127730894,0.07091799146805898
LOC127730901,-0.9504285297604714
LOC127730909,-0.08634312166755084
LOC127730911,2.5974879021563897
LOC127730923,-0.3628140226498353
LOC127730933,-0.45399455429845514
LOC127730936,0.5716100048033713
LOC127730940,0.041235482054787664
LOC127730967,-0.41784315980099446
LOC127730977,1.368424716160412
LOC127730986,-0.19497876857707105
LOC127730991,0.10755770582691508
LOC127731003,0.3019552104613038
LOC127731011,-0.06456473161710918
LOC127731017,0.27143363729868003
LOC127731021,-0.22757738959130083
LOC127731025,0.23307011145613993
LOC127731026,0.30558018584482394
LOC127731028,-0.10566100679617603
LOC127731030,0.06046922371010077
LOC127731039,0.06741667435943687
LOC127731050,-0.06760328956156049
LOC127731062,-0.04094436192445783
LOC127731072,-0.2780089425932282
LOC127731083,-0.12938555901704024
LOC127731099,-0.009662863693421822
LOC127731100,0.014444530167910117
LOC127731104,-0.0042466953575031885
LOC127731107,0.3091893439052606
LOC127731126,2.6917487616598623
LOC127731138,-0.18515518731862796
LOC127731165,0.3740492073881753
LOC127731181,0.11618905872396795
LOC127731182,1.1975089099434564
LOC127731189,0.3041637426154439
LOC127731192,-0.2146013127263259
LOC127731202,0.4056371710911604
LOC127731211,-0.09753889045276007
LOC127731223,-0.20486408669648984
LOC127731224,-0.5710096646811939
LOC127731235,0.06564833005310895
LOC127731247,-0.15547946992033473
LOC127731250,-1.1742607505424103
LOC127731257,-0.5237429152468139
LOC127731259,-0.9018037476032087
LOC127731261,0.13197626781058622
LOC127731314,0.05847272028825206
LOC127731315,-0.967629502349945
LOC127731503,0.20787526108595153
LOC127731597,-0.4074890057500334
LOC127731608,0.12172952621490601
LOC127731633,-1.7578491955909212
LOC127731659,-0.24004374254114727
LOC127731660,-0.22192262600458035
LOC127731661,-0.24004374254114727
LOC127731682,0.23623901746675363
LOC127731713,-0.24319119614312174
LOC127731726,0.18617589669558451
LOC127731745,-1.6854602349474446
LOC127731746,-0.3846100770089265
LOC127731750,0.016428729253870112
LOC127731758,-0.5719693777451901
LOC127731781,-0.26548257324875657
LOC127731811,-0.42679753054919695
LOC127731812,-0.02264672302182511
LOC127731831,0.019555195463719463
LOC127731906,0.3878860891264007
LOC127731928,0.10932903501352673
LOC127731938,-0.1084321395070688
LOC127731943,0.2639805822008908
LOC127731947,-0.04761183246452645
LOC127731962,-0.34657783874365694
LOC127731964,-0.12374908341794727
LOC127731965,0.6682954109204262
LOC127731985,-1.0503802411448302
LOC127731989,-0.33259091690487075
LOC127731997,0.6587202057021027
LOC127732046,0.103006088942167
LOC127732070,0.2979641999581836
LOC127732073,-0.4625482580401451
LOC127732074,-0.7908719237450162
LOC127732075,-0.11487352586002997
LOC127732118,-1.460373152170805
LOC127732120,-0.29678957900057346
LOC127732126,0.31702695026761185
LOC127732152,-0.2537609286674223
LOC127732177,0.3284922072512064
LOC127732188,-1.0620810579188835
LOC127732192,0.1978116012559509
LOC127732209,0.31392306817214866
LOC127732213,-0.04954636252585834
LOC127732236,0.106412656218603
LOC127732239,-0.3142875690510205
LOC127732340,-0.27643116476657004
LOC127732395,-0.138938911007897
LOC127732399,0.32180076909821365
LOC127732404,0.024334328282791726
LOC127732418,-0.1319185649331638
LOC127732431,0.6237875588672286
LOC127732452,0.06650047094040598
LOC127732472,-0.8981607898444887
LOC127732525,-0.2885369676669249
LOC127732526,-0.17737969754163488
LOC127732537,-0.7337409562916722
LOC127732551,-0.012885519934279534
LOC127732553,-0.5386756797774045
LOC127732558,-0.2907491413855688
LOC127732567,0.1409551742370867
LOC127732612,-0.7491312067923825
LOC127732641,-0.3453435823946551
LOC127732645,-0.46688738233525606
LOC127732646,1.6843963452331085
LOC127732647,-0.010042658900719505
LOC127732648,-0.4299523336074382
LOC127732654,-0.8686301850743504
LOC127732689,-0.5531566876194471
LOC127732697,-0.44323522245761476
LOC127732713,0.9013466540927472
LOC127732729,0.9013466540927472
LOC127732822,-0.6695262278099865
LOC127732872,0.1791663934124732
LOC127732896,0.8613993580431117
LOC127732897,0.4251946516384455
LOC127732911,0.30969878048169724
LOC127732917,-0.14902776099456036
LOC127732965,0.16610398075325966
LOC127732968,1.2744922641325176
LOC127732972,0.3330954323610896
LOC127732989,-0.3171091235338236
LOC127733012,-0.07993449324320245
LOC127733013,-0.037975952605108776
LOC127733017,0.5077765832036495
LOC127733018,-0.15907693193370603
LOC127733022,-0.16943843112940005
LOC127733033,0.9828961872297886
LOC127733048,0.8534280263875351
LOC127733064,-0.10892334363924155
LOC127733065,-0.2172026775667987
LOC127733071,-0.03896497647320431
LOC127733074,1.0494610008602596
LOC127733076,-0.8686916611096591
LOC127733077,-0.49908926208629684
LOC127733084,0.20669806883544428
LOC127733110,0.9578856365279914
LOC127733112,0.7881654269388623
LOC127733114,0.08789350878873345
LOC127733116,-0.43565911828095094
LOC127733119,-0.3584778464019201
LOC127733129,-0.3851481262943748
LOC127733138,-0.15920641611878353
LOC127733143,0.21170062604499762
LOC127733148,-0.37567655404487466
LOC127733159,0.5562661148055139
LOC127733163,-0.22724134739067312
LOC127733167,-0.29516164183568755
LOC127733169,0.22588536532962694
LOC127733172,0.8640058963080444
LOC127733239,0.5870792922002013
LOC127733247,0.2753236723743384
LOC127733259,2.2398281689844017
LOC127733261,-0.503664498705897
LOC127733285,-0.49564087035708376
LOC127733302,-0.31006160749720985
LOC127733313,1.4506506706207274
LOC127733315,0.038906383993995645
LOC127733338,-0.17309539461443182
LOC127733342,0.13731653235332594
LOC127733366,0.03696766590709471
LOC127733384,-0.4279322154096503
LOC127733417,0.08251833225083373
LOC127733418,0.12005519236907708
LOC127733420,-0.029045594709370865
LOC127733437,-0.586518955976159
LOC127733440,0.20931975072231168
LOC127733449,0.05698063923464752
LOC127733455,0.0331284258606563
LOC127733516,-0.16142116214203983
LOC127733517,0.7467420620550803
LOC127733549,-0.6098606004122237
LOC127733634,-0.19482605046583779
LOC127733636,-0.5136743338699292
LOC127733651,0.4633211397945192
LOC127733658,0.4008125697871725
LOC127733662,-0.2850495294176063
LOC127733676,-0.30113945876583087
LOC127733680,-0.3598149237270607
LOC127733705,0.24260927630069373
LOC127733711,0.5371627461526983
LOC127733719,0.36271213540189196
LOC127733721,0.03281011596415456
LOC127733738,0.292158651227044
LOC127733828,0.11229741395211264
LOC127733834,-0.7487302708154611
LOC127733835,0.2255623009778418
LOC127733836,-0.04809992733797268
LOC127733848,-0.025025949771035488
LOC127733849,-0.5106100242751147
LOC127733891,-0.3405846444290611
LOC127733899,0.3149993272801948
LOC127733903,-0.006215013983419011
LOC127733904,-0.6064869928617578
LOC127733905,-0.19002830105315235
LOC127733906,-0.3035303702559896
LOC127733922,-0.14865231669372786
LOC127733926,-0.046785219416031754
LOC127733933,0.05411864009797731
LOC127733967,-0.13207470427742188
LOC127733978,-0.2811216001518801
LOC127733981,-0.17137163997211305
LOC127733982,-1.4150161742285738
LOC127733984,0.16406855804169615
LOC127733990,-0.3708964600448295
LOC127734022,-0.30573923552683757
LOC127734051,-0.6516175941005261
LOC127734077,-0.3707578214653202
LOC127734097,-0.12233894399393867
LOC127734154,0.25914014368889837
LOC127734164,-0.39240501634704
LOC127734194,0.3414162203982987
LOC127734203,0.07913539458779123
LOC127734211,-0.33202225369122407
LOC127734216,1.076451475091484
LOC127734238,-0.9008992030102768
LOC127734242,-0.20493205711886325
LOC127734270,-0.2674136311557409
LOC127734272,0.6163198260244234
LOC127734280,0.1323637690695071
LOC127734287,-0.03508781216695962
LOC127734312,-0.16289192746448852
LOC127734317,-0.1446109414921406
LOC127734318,-1.1045736473403003
LOC127734322,0.10512004247498369
LOC127734325,0.6735943096146793
LOC127734329,0.826995540818268
LOC127734367,0.15499524341881465
LOC127734375,-0.5417858967581208
LOC127734387,-0.5420551816032743
LOC127734397,0.2218235204006212
LOC127734430,-0.44460584856844987
LOC127734447,0.4010428451562831
LOC127734450,-0.34659113980726003
LOC127734457,0.32021347324958965
LOC127734483,0.02073793089733643
LOC127734496,0.4108261493781625
LOC127734536,-0.37623975446867464
LOC127734537,0.6193259727780296
LOC127734539,0.681866947855404
LOC127734549,0.03365082354545641
LOC127734560,-0.5330154052078357
LOC127734567,0.06485155512316293
LOC127734568,0.15026223997155103
LOC127734571,-0.26110926891966446
LOC127734584,0.06881921056937015
LOC127734591,0.24925694137856436
LOC127734598,-0.8173816014877306
LOC127734599,0.08214495038976403
LOC127734610,0.05942356066474673
LOC127734631,-0.279915371380128
LOC127734637,0.1477468484434316
LOC127734655,-0.006994155013957145
LOC127734669,-0.548290509680128
LOC127734674,0.41971933895936175
LOC127734676,1.9994029288809856
LOC127734688,-0.19106496518667335
LOC127734694,0.695264469593688
LOC127734703,-0.3022307517280702
LOC127734710,0.4961116472736322
LOC127734711,-0.39248530363092266
LOC127734719,-0.03897359424710837
LOC127734754,0.21893759364610133
LOC127734758,0.6000168331886513
LOC127734812,-0.49838541992150687
LOC127734821,-0.38083497527814125
LOC127734850,-0.10057046365473199
LOC127734858,0.2966791483948388
LOC127734867,0.11128698193398268
LOC127734869,0.7033386667816948
LOC127734904,-0.2861977199745957
LOC127734919,0.1487965025512014
LOC127734930,0.38117582312045095
LOC127734939,0.20319132463507467
LOC127734947,-0.4385558422550586
LOC127734948,0.12493121792019846
LOC127734965,0.5742562556381632
LOC127734971,0.03168933631472899
LOC127734984,-0.7058482519629073
LOC127734987,0.28203487219707896
LOC127734988,0.10750330327627153
LOC127734990,0.22803106996283112
LOC127734992,-0.4681171694104385
LOC127734993,0.17031912675618904
LOC127734995,-0.4272914646548281
LOC127734997,0.37877407436257093
LOC127734998,-0.3084342260744709
LOC127735002,0.25627183330692843
LOC127735017,-0.23209138878377386
LOC127735045,-0.1171327540416261
LOC127735079,-0.5424299246599371
LOC127735128,-0.06560760863972788
LOC127735135,-1.1516329112546686
LOC127735152,-0.2761514900312465
LOC127735154,0.14320524661926332
LOC127735161,-0.3448145566663461
LOC127735162,-0.6844059872306393
LOC127735182,-0.43930473195644243
LOC127735183,0.7543101196429747
LOC127735185,-0.605766117293416
LOC127735190,-0.2758188560732722
LOC127735194,0.17089561252766172
LOC127735225,-0.29048268922599413
LOC127735244,0.0908809927836869
LOC127735245,-0.07295383045693087
LOC127735252,0.4241005293252111
LOC127735257,0.2818280687120505
LOC127735294,-0.20495312585432496
LOC127735303,-0.2180531153696546
LOC127735306,-0.16673658581733747
LOC127735311,0.3129851491970276
LOC127735325,-0.5706371864693501
LOC127735331,0.5146722818169769
LOC127735366,-0.27092972511872754
LOC127735389,0.2997911862118938
LOC127735391,-0.841045514389734
LOC127735392,-1.739112419574323
LOC127735401,0.48320701570265184
LOC127735403,0.12865775333699903
LOC127735424,0.4656455564554279
LOC127735444,-0.789446687282609
LOC127735462,-0.5462232635803833
LOC127735465,0.48240183209581844
LOC127735472,0.22346606498473562
LOC127735483,0.1573051568025835
LOC127735486,-0.7441246272646411
LOC127735500,0.21086118824788724
LOC127735503,-0.3576834563284293
LOC127735516,0.22398378974417799
LOC127735570,0.10427494366076298
LOC127735571,0.35977159825379074
LOC127735581,0.6894959924191675
LOC127735583,-0.8592709113432897
LOC127735607,-0.1639127865438624
LOC127735611,0.39463757732761084
LOC127735618,0.007031781196948089
LOC127735620,-0.44580581068206865
LOC127735624,-0.7375332339803182
LOC127735636,0.7329870590640415
LOC127735637,0.4044812691486638
LOC127735641,-0.2997587091004702
LOC127735667,-0.46279769551995437
LOC127735670,-0.03150128481409242
LOC127735675,-0.33525345237766524
LOC127735684,0.7644853349341834
LOC127735685,-0.18707324819812768
LOC127735708,0.1327663727572051
LOC127735737,0.26096800776707213
LOC127735747,-0.47294474358075433
LOC127735755,0.7254047253212711
LOC127735764,1.0850531975091764
LOC127735795,-1.7677978653597832
LOC127735833,-0.14230049379395554
LOC127735864,-1.0373315639873812
LOC127735870,-0.178038052859338
LOC127735876,0.023476920408869284
LOC127735888,0.03200088019825511
LOC127735897,0.0492880989340633
LOC127735905,-0.2944088304179914
LOC127735916,1.2705872825008835
LOC127735918,-0.8266662544034983
LOC127735920,-0.2127995597096711
LOC127735938,-0.12142325491762807
LOC127735939,0.45704489531337344
LOC127735940,-0.024655576942254693
LOC127735951,0.47136801739069956
LOC127735954,-0.35977821878008587
LOC127735956,0.887811325494275
LOC127735977,-0.29779097059995785
LOC127735995,-0.3964320141764597
LOC127736018,-0.4943869241301538
LOC127736021,0.32167578985968787
LOC127736052,0.47807518738380433
LOC127736054,0.543138060398367
LOC127736058,-7.847309941624997e-4
LOC127736085,-0.20140910660397243
LOC127736089,0.5194409860227297
LOC127736091,0.06473597646240185
LOC127736124,-0.41201010625021295
LOC127736140,-2.7810407387626492
LOC127736177,0.646482280096031
LOC127736190,-0.9746536722874514
LOC127736192,-0.9746536722874514
LOC127736239,-1.001368765295923
LOC127736245,0.6604471667247592
LOC127736404,-0.2555769924264494
LOC127736419,0.36579628382172535
LOC127736432,0.10212942314550603
LOC127736442,-0.29396047682080984
LOC127736453,-0.10019623249355045
LOC127736455,-0.21297212352707556
LOC127736469,0.5163776257618093
LOC127736479,-0.8157218132069197
LOC127736486,-0.03936159320546815
LOC127736508,0.11322380868676957
LOC127736627,-0.6880544747083512
LOC127736687,-0.0921803402600924
LOC127736691,-0.05340475572943926
LOC127736699,-0.017145707638687124
LOC127736702,0.13833638483384184
LOC127736704,0.434162148738993
LOC127736725,0.6882121751677416
LOC127736753,-0.6165734610146345
LOC127736780,0.24234548962176716
LOC127736781,0.7083391905510754
LOC127736782,0.12691519625167716
LOC127736783,-0.13186872511176728
LOC127736803,0.22725009839805668
LOC127736898,-0.5797506251798051
LOC127736900,-0.2324364378398804
LOC127736909,0.2446519187646851
LOC127736915,0.671639846163263
LOC127736920,-0.4002726970872743
LOC127736938,0.5305679969689064
LOC127736940,0.22983241104306862
LOC127736941,0.6900599598750401
LOC127736944,-0.4668403223023556
LOC127736954,0.24920700194386877
LOC127736962,0.5403987120865104
LOC127736973,0.06767010286873973
LOC127736988,0.9997473600457651
LOC127737003,0.6481034251944495
LOC127737044,-0.340505816668073
LOC127737045,0.26681621525062604
LOC127737054,-0.4775050927219333
LOC127737055,-0.8636141012201868
LOC127737083,0.4918945534355177
LOC127737093,-0.4700858630639077
LOC127737145,0.5038076719308562
LOC127737155,-0.5175763111596545
LOC127737176,-0.6863956043353652
LOC127737182,3.2949331437191294
LOC127737210,-0.21791101336309612
LOC127737232,0.1265215783813249
LOC127737250,0.25910838974813466
LOC127737253,0.33038190118286587
LOC127737262,0.3709088401684383
LOC127737263,0.015608359141322064
LOC127737265,-0.6973798611867678
LOC127737289,-0.09308891469185443
LOC127737296,-0.6124636733487966
LOC127737337,0.4078524713967944
LOC127737375,-0.4819414225159647
LOC127737377,-0.042915402518920814
LOC127737378,-0.0377733091013837
LOC127737380,0.05999339619555276
LOC127737403,0.03279827748425051
LOC127737424,-0.12593859996335705
LOC127737427,0.01661653357467527
LOC127737436,-0.3762358559272801
LOC127737444,-0.09825638998288516
LOC127737462,-0.33959067605567567
LOC127737463,0.09862176693141103
LOC127737465,0.7631204199894168
LOC127737467,-1.4867201500244696
LOC127737469,-0.05576152991907013
LOC127737474,0.4620474550766412
LOC127737477,0.4088758995660384
LOC127737480,0.05942580104544836
LOC127737496,-0.09786601287482004
LOC127737498,-0.4627807169234297
LOC127737502,0.16952929438254472
LOC127737510,-0.38692727195310134
LOC127737513,-0.36088022673564973
LOC127737537,-0.10095248362643204
LOC127737543,-0.15182003817089715
LOC127737562,0.6826779829995133
LOC127737563,-0.1882671948304146
LOC127737566,0.5445249868100797
LOC127737584,0.05849414754260187
LOC127737604,-0.0032774104233942447
LOC127737628,-1.2197427555110583
LOC127737629,-0.29629597406829206
LOC127737662,-0.5617547483711152
LOC127737684,-0.37786535442584035
LOC127737685,-0.4709724239472305
LOC127737692,-0.44095804832838864
LOC127737707,0.23535348308189963
LOC127737718,-0.09756971852681198
LOC127737731,0.529786395803631
LOC127737738,-0.6812410004766812
LOC127737741,-0.6166257549376114
LOC127737746,0.00461818279154419
LOC127737757,0.015190507546722147
LOC127737783,-0.13969256373908567
LOC127737791,-0.1928676349657243
LOC127737798,-0.026404718721079017
LOC127737800,-0.39703934187616297
LOC127737821,0.6436215414734017
LOC127737823,-1.0758866768356559
LOC127737839,-1.1298371942677394
LOC127737847,0.038973785948446193
LOC127737850,0.32920863198128697
LOC127737859,0.20140977320339687
LOC127737871,0.20560362819262504
LOC127737873,0.10057188027631707
LOC127737877,0.3682806255180258
LOC127737880,-0.9923882170825731
LOC127737881,2.1671992566839604
LOC127737899,1.804227321526199
LOC127737920,-0.032019957904958596
LOC127737927,-0.04708528760603961
LOC127737945,-0.42625915664525643
LOC127737949,-0.7216439895927446
LOC127737971,-0.49071236506707405
LOC127737974,-0.3150581320836196
LOC127737981,0.28431652755449827
LOC127737999,-0.6325318936025899
LOC127738007,-0.2394033750846551
LOC127738025,0.2605148567465305
LOC127738026,1.716718551603979
LOC127738041,-0.6431437056092618
LOC127738043,-0.7002219472806298
LOC127738072,-1.447301858944203
LOC127738077,-0.460602969209752
LOC127738082,0.5103898830961081
LOC127738083,-1.0361177352484185
LOC127738095,0.1428032204970449
LOC127738108,0.1778242531732353
LOC127738109,0.23700009873738512
LOC127738112,0.1778242531732353
LOC127738114,-0.5799288658183568
LOC127738146,-0.09375116382589131
LOC127738149,0.6680279044247346
LOC127738156,-0.24812711737662985
LOC127738169,-1.1329071358821294
LOC127738170,0.9030402722693303
LOC127738172,0.37710492582127864
LOC127738184,-0.16133673410299854
LOC127738185,0.10822990241535327
LOC127738188,0.543751665777878
LOC127738189,-0.28028171349049785
LOC127738195,0.4172376027906431
LOC127738203,-0.08300631949535911
LOC127738212,-0.06454802362803336
LOC127738214,0.2178004129737971
LOC127738221,0.2905430767991575
LOC127738228,0.10442481166329713
LOC127738229,0.28364333994779856
LOC127738233,-0.10394314879486707
LOC127738236,-0.18819120668693748
LOC127738243,0.8463832814430517
LOC127738251,-1.0315668072056055
LOC127738252,-0.4538611339554925
LOC127738265,-0.12625051108353116
LOC127738276,0.21073187219552197
LOC127738286,-0.10846200644681937
LOC127738290,1.1674339488110932
LOC127738298,0.6444034513276057
LOC127738321,0.10677295417386728
LOC127738326,0.1616727733606805
LOC127738356,-0.4690632061089751
LOC127738359,-1.492433914693789
LOC127738364,0.621655833485691
LOC127738368,0.39296048315551635
LOC127738376,0.22587697573280077
LOC127738379,-0.36255918390434144
LOC127738397,-0.10529324407251346
LOC127738409,0.9536396147233294
LOC127738410,0.4978455749591022
LOC127738415,0.5226913322919952
LOC127738416,-0.3452890011856064
LOC127738417,-0.2425251386102768
LOC127738420,-0.3452890011856064
LOC127738421,-0.7508638534672123
LOC127738434,0.5241210931621254
LOC127738444,0.06226332370384587
LOC127738446,-0.9754068568800223
LOC127738450,-0.12169079982338174
LOC127738488,-0.4587069695303503
LOC127738526,-0.16952896258204692
LOC127738545,-0.09612380368015527
LOC127738566,-0.047819668576045964
LOC127738582,-0.391767984701061
LOC127738640,0.5466507553283053
LOC127738661,-0.02556755402418881
LOC127738726,-0.03298819981609155
LOC127738729,-0.26472723926867453
LOC127738749,0.34239292975974683
LOC127738759,-0.041718703637272404
LOC127738779,0.35020187142992915
LOC127738858,-0.8044287404615408
LOC127738862,-0.1342195637272962
LOC127738876,0.5114562041663988
LOC127738897,0.09996945513152138
LOC127738903,0.5294705453536391
LOC127738930,-0.1686950542652792
LOC127738936,-0.16883739162776262
LOC127738943,-0.6560793466154433
LOC127738957,0.4106842216422529
LOC127738980,0.7145788167896503
LOC127738986,0.9221896353507919
LOC127738991,-0.1745937824213768
LOC127739040,0.648991180268797
LOC127739080,-0.11480215309508818
LOC127739083,0.38145577556064253
LOC127739101,0.15948165545248055
LOC127739103,-0.38382209459148675
LOC127739127,-1.619554597829413
LOC127739135,-4.8478649322778204e-4
LOC127739138,-0.970135453748315
LOC127739153,1.9959498247583725
LOC127739164,0.5141977685591299
LOC127739185,0.018461784265229673
LOC127739218,-0.546800583758007
LOC127739223,0.4380501537914473
LOC127739225,-2.07686715161713
LOC127739233,0.28605001156964605
LOC127739235,0.6769903513762823
LOC127739245,0.07038916209128647
LOC127739255,-0.08294390831593101
LOC127739257,-0.03590724776144696
LOC127739290,0.09549081699917687
LOC127739303,-0.03173194132427248
LOC127739317,0.7673528256519278
LOC127739318,1.0075203941827473
LOC127739337,0.2548122384517442
LOC127739371,-0.41843078359183133
LOC127739381,-0.49299333811914076
LOC127739388,-0.8725190588823885
LOC127739394,0.01429390510780082
LOC127739418,-0.11384256302523946
LOC127739433,0.03752675008455264
LOC127739458,-0.22934800838796365
LOC127739460,-0.3709675792068524
