,PC1,PC2,PC3,PC4,PC5,PC6,PC7,PC8,PC9,PC10,PC11,PC12,PC13,PC14,PC15,PC16,PC17,PC18,PC19,PC20,PC21,PC22,PC23,PC24,PC25,PC26,PC27,PC28,PC29,PC30,PC31,PC32,PC33,PC34,PC35,PC36,PC37,PC38,PC39,PC40,PC41,PC42,PC43,PC44,PC45,PC46,PC47,PC48,PC49,PC50,PC51,PC52,PC53,PC54,PC55,PC56,PC57,PC58,PC59,PC60,PC61,PC62,PC63,PC64,PC65
X12O.F_S66.Me,-127.79336,43.79377925,-15.3628604,44.60710034,-29.68624281,32.39519463,-49.11221088,12.42129515,-2.545512581,-11.15793753,-38.04900513,-29.43886893,91.31801507,-29.2633741,-53.98510883,-38.84738732,-124.22277,165.7536848,60.39608746,77.18940818,-94.80914065,-180.8062117,191.8904272,-50.35343885,-12.6126037,2.837293474,-62.62538446,-27.8172601,9.951880555,13.24631311,-5.031482142,-13.65753525,24.93761175,-24.23912459,-0.47873678,-3.605012322,-2.779136952,-9.338459588,4.163432587,-22.43429044,-2.612497826,6.195285346,-1.25298256,-0.840291389,-0.129312475,17.390171,0.944319713,3.446133858,9.826874961,-10.47165742,-20.13114218,-5.183756064,14.14502179,27.72115701,7.759248624,-141.1679671,107.2372143,2.256976327,0.205426221,5.595741569,-10.31170182,-4.944229906,1.43496257,-6.190501891,-6.32E-12
X14B.F_S71.Me,-55.79396956,-156.3901529,57.493895,-97.99483682,260.634577,66.79132171,-55.26820943,-122.2564006,-57.56445085,-169.2279704,1.335740446,94.80620805,181.9863573,6.813226169,12.43314193,21.04184422,-7.800597054,-44.14926391,-63.70158021,61.62981012,-8.077674984,41.64600109,6.28261496,0.43489058,29.84220428,-21.13647582,-4.229901813,-2.035973521,19.406348,-5.468698226,1.064943536,-0.234985164,10.82481126,6.472526233,-25.41489936,2.842111421,-0.510648511,-8.653685609,-10.37963159,-4.71585222,-5.730069718,-9.064909718,27.22358205,27.52832733,-4.153739314,-25.35436475,12.6976093,-183.7682369,-23.15241363,-16.49929193,-25.60188446,26.53649754,25.24820644,-1.272262085,2.909858227,-1.529832632,2.046726076,-1.410244945,2.714489296,-1.773910248,-2.902271433,1.001493052,2.334917824,-0.710742851,1.03973748454532e-12
X15G.F_S52.Me,-52.07748339,0.612896282,34.77163662,-8.159153293,12.21323258,-12.56903942,-33.72150019,52.91769513,-62.01795519,-50.44431297,-1.380492102,-23.82985797,-75.98832034,10.07379328,150.6652228,35.0334135,235.1193458,30.30003921,173.0674717,121.9029628,-53.32192524,-56.90751245,-7.256375651,128.9029268,21.18822744,-56.85943538,21.02459593,17.13124595,6.675828019,4.618302173,-21.47291757,9.040841413,8.112655513,-20.68927345,-17.82917561,-7.20296742,21.63479906,-9.382369851,-9.706375878,-27.23225965,-24.87606288,-16.52798238,59.76217217,161.9299347,72.21762037,98.46710559,-9.00650469,17.79202145,-29.80676648,-1.706748164,21.15486386,1.589360047,13.40213113,7.988600238,2.167464038,5.292011137,-0.42318039,5.536254423,-2.249862733,3.950518058,-0.331501379,4.541448116,2.615891568,2.396398839,-6.59E-13
X18W.F_S81.Me,166.8166201,4.312786935,116.0658664,58.48325288,-134.6470813,318.3232694,-31.3050809,-9.714145234,57.92868226,-62.06735138,13.72930977,16.94840764,-41.05747091,-12.23329563,-17.21835051,93.09569089,19.84738325,12.29972542,-17.1255128,16.75811718,-58.35386977,28.78331744,14.72219355,-18.00459877,-38.48496241,-16.15600404,-27.69667218,11.72497972,-20.54434983,3.083781451,16.96404373,11.51701682,-21.3054702,-2.579884988,5.107638629,13.64132489,-9.905329435,-8.748800022,-14.88431662,15.99027114,71.68683789,-260.4744553,-2.535023469,-8.208728612,-1.513928972,-1.324092717,1.274942567,-0.924002829,12.52524189,-5.90187738,-4.723601751,0.073417603,-1.935667899,-2.003714359,-3.849487254,-2.166960665,-2.776759962,-1.125611325,-0.389760359,-1.094892806,-1.411845833,0.36179527,-1.162998592,1.422681615,-5.47E-12
X20G.F_S2.Me,-129.3557838,69.73015695,-3.623086308,1.401401809,-2.381940313,28.22174963,37.15430522,25.57221313,-58.00161576,-121.6547676,1.334595624,-66.32772593,-192.2177013,125.3818442,16.9129685,-61.7408073,-107.3253418,-146.7563245,-176.1644938,74.92612749,-31.52627676,-47.5916883,17.13387236,49.52539974,-35.01989039,18.10070142,-4.213861138,-18.34899406,1.634918205,-6.076963679,-24.29505185,4.581243603,7.368220856,-12.58324033,-12.40059118,-13.60036082,11.52157037,-2.713506712,6.544834317,-12.87950245,7.545320827,-0.558237725,-2.619070378,-1.452898825,-9.552133893,2.464534275,11.85422015,0.650384668,-5.979510919,-0.668771232,2.768685543,11.04518657,-2.376537853,183.2345244,-31.69697832,41.02464615,6.430723671,-0.320341023,-5.185443225,3.053159149,2.941824936,-5.78613599,-3.470178707,-6.446400959,-3.95E-12
X21B.F_S54.Me,-136.097271,34.30626534,-123.3045669,-91.7000317,-111.3275468,44.52996737,-17.13787797,-111.6469199,-129.0226725,104.8561738,95.07408875,282.1053906,-91.36503573,-116.365641,29.66423053,62.11658787,-19.7822749,-36.34623813,5.735204315,-21.8488928,43.77720582,-11.13516952,36.04075535,-3.333628519,9.121448931,35.47030104,-2.500479377,16.41910783,15.89986301,7.41568022,2.693876858,-4.348209268,12.15655135,-10.87257435,-8.520208745,-7.71948208,6.390328833,5.886090815,-7.281676547,-3.920368585,-6.822537917,-4.772487963,12.1713699,12.9986201,1.714122701,-6.740672799,-0.677301826,1.968038313,6.671738155,0.195495161,-6.504302174,-7.254001253,-7.923852071,-2.228142668,5.249017277,5.300803076,-3.841647065,-7.170725641,19.3458652,-17.66333125,-25.09721216,-150.8441771,19.7505074,-4.829537398,1.34754840546238e-11
X28W.F_S45.Me,-16.36606034,-7.269578883,-3.736238047,-15.97877097,-41.94793188,-29.96041171,40.68468845,7.417203532,41.4429878,58.2368946,-29.08704771,2.527685195,-30.27527844,70.89620065,-20.44224662,0.631376501,48.866321,-41.44415495,-46.25809258,-22.50267122,-64.12914985,-28.29862435,28.08841593,-151.8869335,254.7346224,-134.4915531,4.238530305,-4.897830457,10.48648065,-26.99527878,36.41652805,0.137424329,2.415100875,45.80220452,-39.96687258,41.74173158,81.48359218,-41.54881104,-283.1831749,-0.166159817,2.210163988,7.339702906,-17.80347937,-7.200549299,2.36034713,3.6869777,3.896696613,-0.35297032,-0.830119401,1.244132436,4.455333211,-1.452725144,-0.74496934,2.156714868,1.333235841,0.42613317,-0.444758369,-1.857318654,-0.683067144,0.33929139,0.619126644,1.718837481,-0.567121214,-1.127544461,-1.87E-11
X29Y.F_S74.Me,-43.34462904,27.96329581,7.17860595,22.33155942,-1.698427776,-22.40729998,53.76875851,-15.65684879,-15.75932542,27.80967606,-1.67134464,-49.94251195,41.58197636,-61.52490823,17.16996917,11.11845306,55.77970561,28.68135947,-85.70451894,-186.0529536,-225.7269929,117.0092882,70.57569476,122.2017931,5.267719812,46.95583736,4.794391696,-18.41135397,16.0493877,-8.933287018,4.974416015,-3.373786086,4.719271242,11.09482821,-10.89505227,-10.07905702,10.47659559,3.623899126,-5.853440848,-11.21685791,-11.50331526,0.725138914,22.25504874,44.80846889,-11.71721927,-99.87057594,-191.1927291,10.86182371,-5.771627576,-12.58025779,1.325975282,-2.912288353,13.7710671,13.32679777,6.390711739,-0.834232379,8.957854689,-9.581081743,-4.379774998,1.509578378,1.183920628,2.388800235,-2.957616477,-1.949642843,-1.45E-12
X2B.F_S72.Me,169.9283217,77.20577456,-331.8623134,8.983562412,98.97284064,-34.62079276,-6.909359213,119.3905516,100.2021146,-146.0257204,34.34774633,74.72723702,-20.54949307,15.19619414,10.03627195,50.84989545,10.12138482,63.3455148,-21.37599038,6.844139836,-19.15848276,20.45251536,15.10638149,0.060980961,-7.012826451,5.411091412,-2.042788376,-1.704570799,-14.31875226,4.419951704,13.29848263,-2.476958653,-11.90886425,-0.822918276,5.300907384,-3.963221839,12.41898022,-7.219559355,-4.596839691,2.186944772,2.532262781,-1.955481298,-2.65378715,2.764347948,-5.70E-05,-0.438609879,-1.020870364,5.621450195,-3.111131435,-0.36294594,0.241694506,6.426362186,-7.233445025,8.35869246,3.895085542,-11.43766269,-6.151015006,0.778054818,35.20238372,-163.5011071,-25.59331931,25.64884165,-5.824065746,4.966503316,-3.73E-12
X33G.F_S23.Me,7.927877514,47.04959571,65.00119069,14.5203689,14.49956455,-11.84683033,9.203194621,37.89765891,-8.952568041,19.04835429,-7.59570055,15.08806628,-6.932937548,-43.0929786,21.21094139,39.86720085,25.06535924,-7.970573751,13.92922191,49.30456441,50.00804961,22.0500836,-87.08350907,9.374418445,22.29157214,105.845761,-146.9822753,-378.0845835,-184.3161814,4.804081898,95.04763516,-20.92762343,13.19092222,22.61231248,-39.14230489,3.368742136,-37.02988492,-8.024038925,-22.53291063,-25.73802123,-5.121073931,16.06950874,11.31726318,-0.127967606,-3.334258361,-0.64880514,0.105594838,-2.005371085,5.689321317,-0.754377597,-3.496440607,-2.031240399,-0.00239205,-5.384520295,-2.633907822,6.008036337,5.972249406,-1.997582461,1.210400994,-0.51931388,-0.38466373,-0.663007986,0.397511913,-0.757107829,-6.03E-12
X38B.F_S42.Me,97.0858136,-16.13377784,-40.78875635,28.40030377,55.33907119,-29.09304359,-47.00572647,-71.02004819,-61.7683429,63.12050896,-17.48169974,-86.26997154,-39.43762271,-47.98912744,-20.33286665,-47.97266747,31.75983844,-34.38805369,-2.927085322,-31.14359665,24.3759622,-0.677802669,-33.26950944,4.90838648,-5.441325952,-36.11978134,-334.1892956,109.5583134,36.53045919,97.23886992,13.1365702,40.55156419,-149.7803622,-88.98856506,-117.0540482,-129.5220352,10.37772192,40.2847784,-18.18685634,-1.705547909,-5.666206244,6.543138791,-7.903353497,-7.334354219,-1.621205436,0.993900127,1.463009302,-2.317088298,-4.841395244,-0.317252035,-1.978863294,1.41026773,-4.017101073,-0.388284166,1.483760124,0.560240492,-1.802520363,-3.598731981,-1.559340438,1.697194656,-1.353280182,1.62335985,0.126959411,0.86335986,-6.50E-13
X40Y.F_S84.Me,-17.05600808,-44.22444861,-111.0487633,-40.24369473,-4.605686704,158.6888521,214.682651,7.650000637,-96.74334991,71.40416091,134.7034476,-156.7158816,102.1338348,64.68060411,53.11366738,42.03088987,-46.08871894,52.85861491,30.44548925,-3.818104442,69.04232902,-7.766601786,-54.65366856,26.02384083,35.259217,-2.524750127,11.10965889,5.153460928,-1.72853758,-9.328663692,-3.094636575,-0.441969769,4.452494975,-5.268047537,3.198920131,-10.9348151,-3.120447573,3.400950266,-0.748892974,-4.773817388,-1.902730782,10.19025251,0.128202054,0.716441823,-3.54400323,-1.680044323,0.977654289,5.196531036,-2.73340421,-6.057644783,0.242600867,-5.40639259,-0.205347279,8.545630082,9.229721283,-2.546894748,-3.690914569,-4.569206447,174.4757029,34.96609214,30.96964379,12.42997684,2.710032874,-5.150844554,-5.32E-12
X45G.F_S32.Me,-140.4406325,41.72159488,-37.17400455,-10.47358858,14.17915853,29.85514607,-38.64449587,56.68189926,72.04373397,44.25037474,62.20130817,-51.8623304,2.44513128,-50.54225136,-127.6348297,-78.08907689,-12.79858281,-72.38735781,105.6568125,139.8078067,-56.1706172,203.3661029,-27.2141409,-52.53972254,21.90367413,26.2320568,7.131325695,29.10299264,3.449324868,13.19992713,-3.346372342,-10.02588299,14.91256844,1.159379933,1.602046369,-0.139739463,-11.96858712,7.297924532,7.547621121,-8.717648111,4.555881628,-0.714780235,-0.713170256,-2.522080012,-1.102841038,-5.275786679,-0.929343684,1.868510922,-3.792227155,-0.000922329,0.237861514,-0.283472919,-2.132678971,7.152598861,-2.385015048,-1.79130959,2.904578977,3.866995165,7.206027236,11.51441616,-26.55397134,1.04513889,30.17860824,167.9162782,-4.04E-12
X47W.F_S82.Me,-16.29446185,-150.9361651,99.09566558,-95.98075653,194.5789916,52.57341756,-34.11236525,164.5288307,105.2748671,93.16146375,105.6491504,15.77756035,-171.2488023,-51.71906877,-9.174804609,-13.57419462,-67.58711771,62.32771523,26.39762843,-119.367827,21.29064004,-56.38381339,7.163034566,14.79462252,-11.98229337,-21.15158262,-5.759534276,-5.880714767,15.11246913,-22.2896462,-22.4654635,11.2782456,18.20636301,1.183996494,1.741343043,-7.589664418,10.37386375,-1.991580117,2.765728994,-2.521443989,-6.924503015,-2.573935052,8.249134717,6.318426082,2.251894883,-20.64619592,19.47944508,-6.966002677,-0.853418043,46.27094003,-20.66050195,-170.372643,67.88919122,7.584876476,-8.988645834,9.726108372,-2.227060679,-4.35427302,-4.391418106,-5.1575742,-5.973950471,8.042637605,1.514862036,0.348007733,-1.06E-11
X50G.F_S13.Me,-91.00225026,56.85569542,-3.816672354,-10.25031822,-6.015947017,18.52977138,-6.529320703,56.47118831,80.95596841,94.78796658,-29.20302332,25.5159606,88.24180122,45.48497574,-224.9715324,69.3752469,164.8544922,8.863513614,-149.2395646,27.2325705,90.63948874,-95.2245908,-54.3593581,100.1822281,-41.07527512,-8.308906421,-0.580368828,14.01841483,26.61010932,3.778061569,-7.602352515,3.535680363,13.26569234,-13.88559839,-2.561037024,-0.300963024,1.356983611,-11.74242881,-1.222101488,-17.63517129,-6.286575964,-2.840212213,5.319229722,2.152678093,-8.620394216,-11.72813504,-5.283106357,-3.49431622,-4.936161978,0.475581687,-6.195449991,-11.57665629,-12.94139552,0.402759675,26.80251886,12.36067495,12.82728376,177.9715327,1.257075513,-0.206536031,4.2267526,-5.940642155,1.709097376,-3.310891938,-1.30E-11
X55B.F_S4.Me,142.0868923,-14.58181915,60.9983585,-40.23534873,7.833041598,-114.5799062,7.302921924,-98.50093217,-29.1486855,65.12766187,61.42185028,70.23530366,-30.63522844,263.8811397,-116.7774068,59.30734311,-68.91178139,23.97508142,116.1709456,13.97287846,-68.269422,24.2270349,20.11237773,50.24572952,-44.85067093,39.93762668,-5.091204763,18.13860901,-31.05812683,-7.158770385,23.69476594,6.672738002,-0.450606017,0.743063174,-1.95543615,11.30833934,19.59103975,-7.18013032,-4.647854586,-4.339868682,-2.427879187,-6.425942547,26.9740198,22.20850433,-13.83045091,-17.56099719,-0.715544479,4.511649315,11.48645206,186.8265448,-46.86505044,57.54499962,-1.24213454,1.412961553,-3.147538698,-12.37438099,-2.763817443,1.280914793,3.982999532,4.656815955,2.4722247,2.250032265,-0.424327142,0.212372778,-1.17E-11
X55Y.F_S61.Me,-23.44561106,-8.548108396,-20.50647105,-21.72132071,32.59736201,-26.54492668,39.74815858,34.23641231,-18.48716767,44.70142179,-24.43713051,-48.49930909,27.98929887,47.23107386,65.98437778,73.34688684,116.3145933,-107.6235057,27.19981145,-49.67640765,-0.751768599,-6.215479384,84.67336416,-217.5558774,-204.9669512,-2.366068158,-6.001697747,-18.28214816,32.60645539,-29.27165247,3.447276413,-8.96495181,-3.186772079,6.497572876,-4.86207938,7.584243065,-6.060650624,-11.17036919,-2.735917873,-11.54687183,-3.056258719,-1.118965424,37.18377455,86.87957441,-8.117888909,-157.2537391,105.9205336,47.11635995,5.746729102,-32.19768537,11.78378497,20.31931896,6.950041244,-0.906799273,-1.310570439,-8.468268135,5.178053094,-3.082983807,-7.903489504,3.814781515,1.421508815,4.332629174,-1.897146103,0.162707001,-3.38E-12
X60G.F_S65.Me,-150.9394432,120.0552944,32.23630046,13.73538141,-13.81575551,19.17600799,-48.04789789,-40.38028987,-4.105688804,-133.8817033,-32.86334749,-16.21858133,-28.04741467,73.82473535,-20.05410859,-6.403319461,-1.863926688,96.23337349,60.9103018,-144.9879622,104.4451184,59.81652699,-56.05868656,-41.78379855,7.836677967,6.901150756,-4.31770604,1.200304452,0.484970153,3.200547213,-21.42991922,11.84470138,2.83428083,0.626703561,-8.171893193,-2.178096564,-0.01242564,1.690172366,2.644180315,1.546232448,2.453288899,-12.93561213,-10.11049736,-19.52248952,-11.23348349,-19.33208501,3.766379,-26.94341259,-98.67801828,60.3984096,200.129701,-15.44069484,-12.86075157,-11.15962225,-5.322134695,-22.56354027,18.24397742,-0.344552079,0.780686577,-1.481798043,5.383188628,-10.41367945,-2.405259872,-4.73018621,-5.10E-12
X61W.F_S38.Me,76.56746167,1.081802595,-34.10262408,50.55081813,-26.88935476,72.51830159,-85.60609754,140.8001489,-85.01574193,22.69360616,-75.07300583,49.54294419,106.2576374,42.40645957,-18.85968144,-124.3116074,-34.35434098,-193.4112002,107.4221474,-124.8645347,75.24744515,-24.18954102,83.57475699,101.8769784,18.00663272,-50.98849808,32.7711863,-8.407558117,-29.6851572,3.510241575,13.40787873,-11.97943703,-12.32346904,6.735755777,-4.126966906,21.32849568,-10.83222988,9.193743514,-3.316456145,1.793666918,4.833104031,3.947735732,7.121148362,52.83033627,-201.2725258,49.95552929,-0.793066628,8.316199061,-11.98062198,-15.54761682,-0.940946162,-3.602072038,10.67579444,-6.017361507,1.568022648,-2.818126635,-4.76666607,-5.035212609,-2.480199676,0.368262784,-0.610619855,1.401857702,-1.628040132,2.484909827,1.36933166628578e-11
X62W.F_S49.Me,94.56960067,-4.929622437,20.87692953,43.60030527,-7.517327324,-4.327652172,-9.709975074,58.90786311,-54.27912932,19.02231931,-68.16569588,17.39578679,-5.172047798,25.41877926,10.11095368,-20.57355937,-12.45128401,7.66049169,43.46236367,40.16339155,10.24550489,-19.02316036,-60.44299012,-2.875119935,91.49769623,182.0402193,-17.36502043,-94.84979627,401.192395,-73.78879967,71.29861567,-0.049408354,-26.50070798,32.32845045,10.99310994,30.94191333,-3.244498868,16.83776725,25.97595677,8.874634264,7.532059718,-10.29132742,-6.140297665,-6.290953302,3.741855135,-0.390010227,1.858113013,-1.051943389,-3.319217033,-3.661268153,2.127318403,0.221313484,-1.386507628,1.228525008,0.619642021,5.512655351,-1.465483293,-1.444906393,-1.828617034,-2.01378649,-0.534441138,0.545428758,-0.490765262,-1.603055835,-6.34E-12
X63G.F_S27.Me,12.52173221,6.239563011,9.625065496,9.229933335,-50.9637846,-44.15143946,-31.5980182,125.3976054,-119.9725019,41.83862635,-61.17047523,86.25979558,72.13420007,-0.703339431,40.20469829,-11.92693146,-110.8837859,68.504757,-41.31701366,11.32624802,-124.4627541,15.356911,-243.8439407,-35.29209354,-93.06377596,-164.2104598,9.991668629,3.969920856,17.79363844,-9.461057667,-10.13440647,-4.294314251,8.758241376,-0.417365654,-14.3321778,-4.791262338,13.99545769,-3.300834841,-3.105311457,-17.67689338,-1.959203874,-2.484556264,198.2940759,-80.43231432,-2.011140852,11.26950717,2.702547599,17.44879605,-7.73611911,-15.47682628,6.236357566,-0.074301039,4.783572591,2.695332868,-3.215893575,-3.061091552,-1.537934538,-0.382385111,-4.450142605,1.48003354,-0.778897079,3.75742834,0.298611814,1.404451382,-2.86E-12
X67B.F_S20.Me,85.44116332,121.4487997,99.7215088,17.64974061,6.887029983,-130.340918,139.4632069,-21.9142494,10.94538129,-119.2949144,81.20162673,-37.88830734,23.731804,-197.8252586,-89.1105798,130.0980975,-87.38924143,-111.1699027,74.90303533,-9.488363727,36.77142092,-58.37339949,2.169229474,35.68415628,-10.26482627,-79.35429417,15.61417697,13.30129312,38.92480234,-16.50359989,-15.95706711,5.778048358,13.61986334,-2.62615968,-8.211872062,13.2301863,25.07139264,2.686562675,-7.273846968,-10.62394432,4.577185969,-6.352991857,8.396167106,4.122272632,-4.327963472,1.383723094,5.335825838,-2.092057297,0.972334636,10.55676109,-4.70510132,-5.435259079,-29.80292858,-25.18412697,10.59889371,100.8132544,141.4543464,-21.28997361,2.184874133,-8.417119401,9.344787311,4.854419285,2.383280735,1.876685793,-7.56E-12
X67W.F_S34.Me,-0.305105512,107.2748024,-13.55760832,-26.2744791,-18.73443286,-16.10419565,-216.90339,-97.28937032,198.0179267,114.4106073,40.96172649,-89.3522467,86.30616285,27.48612535,208.2978395,87.7397125,-106.9433481,-67.69400984,-32.65321477,11.8971361,40.30049512,-8.615359159,-26.76957584,59.16168768,6.763906354,-10.72031284,14.15909901,3.289416187,25.5603025,-1.584929537,-6.391973822,3.007923653,25.08281776,3.558038217,-5.076914818,2.001400964,9.515577824,-3.938145025,-6.538288101,-8.687273389,-11.12976517,3.753629286,21.8730308,28.62238568,-1.975212803,-11.02651256,-3.485905601,-24.79657461,8.381779747,8.196450746,-16.93790091,-58.09926854,-158.7957483,6.445478985,-14.53582112,-27.11298773,-15.58564664,-9.039459993,-4.234631343,6.789930534,1.844010257,9.327301878,-1.133683155,-1.289648245,-5.20E-12
X6O.F_S6.Me,-51.92187154,16.50088967,47.05901205,19.71935703,17.77258722,-19.24785168,-12.07026392,22.00426739,-6.728668696,-14.65936349,-8.551547497,10.17469105,14.89267817,-22.54531603,25.90968392,0.099463208,-7.717077637,7.742888037,-10.9975298,-2.050658312,3.199208668,-11.90753606,-31.96287194,-6.404822025,28.30782306,77.08854127,-0.565013714,59.1696235,-77.21583106,-111.5079244,17.60489239,54.94749453,-235.6361105,-72.73260412,265.6455065,38.31566904,-48.54405024,17.29118515,-53.78839173,-132.3198426,3.126224952,15.01220734,8.271974917,-0.540080875,2.539458435,-2.507590374,2.637773344,-5.390317164,2.668022269,-2.722191579,-9.723975126,0.604070561,-4.240510295,-1.596410845,-0.817285099,1.765869115,2.593146215,-2.466720429,-1.191236329,-0.483355971,0.749373194,-2.958377307,-0.946739026,-1.555375932,-6.63E-12
X6W.F_S50.Me,1.694029775,-208.0283687,-42.82522523,-212.9123697,-228.7596675,-90.39014036,-62.95732665,16.8878352,34.59183073,-112.6254731,1.370333822,-80.34860552,17.84624693,-23.63271658,-32.89962573,-6.57738767,5.53907608,-2.18849082,-3.287025456,-23.25297786,6.186300009,-8.208410984,-5.294840414,12.5450951,-11.98157276,17.39273901,-9.570517383,-15.41866969,-2.358719221,0.920337613,1.298871646,-4.91974946,-1.875095147,0.211705289,9.723538477,-0.109975708,-6.493153475,2.194217984,3.151469923,5.588070851,4.749771753,0.620404214,-4.34276539,-5.545873827,-0.171804103,-0.267450196,0.22844607,4.294164866,-7.885634311,0.299833778,4.107298942,6.542155419,-4.560702959,-2.181590158,1.283160604,18.96066541,1.658856668,3.796439051,22.74085537,36.47530108,-172.7806155,24.93787706,-23.4728638,-23.70767414,-3.70E-12
X72Y.F_S28.Me,21.05271398,-14.03635143,22.27174101,20.6841331,-23.52756513,-3.163434381,-9.013812308,26.11350904,-31.54249595,28.56202303,-36.73528436,-5.579080282,33.2655991,-37.16773064,17.04841823,-8.248312559,23.92488683,-18.97597876,-11.30805352,9.737643874,0.281071001,7.204190112,-6.213570554,-43.01720634,60.31866478,75.85083835,-15.36157043,26.33234594,-72.90904493,-82.69232448,-34.40168141,19.37221177,-51.6940776,45.85951361,-0.193379645,-34.45831988,282.7996063,-225.9276165,141.3904574,25.28119583,12.44705916,7.415363782,-11.65983845,-13.71040596,-1.718380649,4.435290312,6.992417578,-2.646828589,-2.623468032,0.302071838,-0.943146921,-2.817458549,-2.154836015,-0.453162562,4.197693815,-1.998676383,0.393980704,0.406911183,-0.882221208,0.652749791,3.30900972,-1.809613903,-1.099705102,0.194837492,-2.66E-11
X76G.F_S46.Me,-29.25083457,-33.7164781,-34.56902947,-63.27363389,19.42751057,43.84881831,194.3732585,-99.10649804,164.7975579,32.65709346,-272.9272746,60.32909671,-39.61761854,-21.094773,36.0235534,-49.38364682,-44.66605655,-4.251007975,73.28081846,21.41478474,8.978920799,0.261374332,-29.01773787,52.81877118,-32.81762602,-14.05566579,5.17541937,3.600439233,-8.52898825,11.43565588,5.091807678,-9.65190759,0.375741878,-8.347414585,7.57829422,-7.490357051,-6.982616336,-6.714155736,2.406687827,2.598287836,-0.268552971,-4.904098535,1.7716375,-4.173938159,-0.522432135,-4.977300806,8.731297113,0.680672181,0.987076797,8.965936,3.591993913,-9.195007623,-11.79147968,32.94223075,186.620925,3.971097132,-16.60116118,-27.72086146,-11.41605414,3.735962847,0.658552596,5.544377452,-0.849734133,1.517219381,-6.80E-11
X81G.F_S79.Me,17.71609106,3.408886982,-1.773966404,-0.582618968,-17.86183873,-19.56402759,11.46990398,15.09599698,0.831206884,11.58915079,-29.30492802,4.061717153,-0.003939789,-10.96118091,11.58346116,11.49886986,9.271312455,10.57717946,-7.156616763,30.38835138,0.691244181,-41.97191338,9.071196196,-19.83525798,32.04366929,40.22929383,-18.23527289,70.69006117,-57.06049246,-59.89862137,-90.61593081,162.0087575,-34.63726829,339.4212374,-81.90707817,-25.5927311,-91.67245252,80.37552449,38.80634234,-61.98465192,10.75197426,4.18767753,0.056123805,-6.247226673,0.176846428,5.190473796,-1.535520483,-0.515563173,1.564983824,-1.380745883,-3.470560708,3.376663363,2.019636774,-0.37627376,0.726722877,-3.181725311,0.011147983,0.209134292,-2.324700652,-0.027465288,3.952755404,-2.977828429,-1.976604874,0.477839909,-2.76E-11
X86G.F_S75.Me,-71.73422832,44.53346717,35.59674361,27.06149553,-2.063050039,-1.076590299,-4.186118422,15.04550057,-6.511367269,-21.46188084,-0.449119611,-18.77639029,-0.589914885,-14.17085313,-8.17471102,0.952221564,-4.066599079,31.44342975,-4.472090737,28.50479425,1.118890073,-13.29485078,-1.642942518,-3.992277302,-12.58845391,32.83776882,11.35819613,6.45478247,-40.76013894,-7.77951395,12.97708322,33.73779823,-97.21662086,44.34397765,74.9869945,-13.18005759,-28.06953792,42.14120407,-35.45113881,351.5676384,-51.26895322,21.35648357,36.66510825,20.90830828,-0.635930968,-0.511801027,0.780362444,-4.75710257,3.583400479,0.173108567,-17.38143146,-4.926637761,-4.526447906,-0.175159771,0.653093807,3.665048755,4.553216364,4.375590294,1.701357024,-1.756668068,1.818556607,-3.740574513,-3.702915286,-2.460290092,-6.86E-13
X89Y.F_S31.Me,61.22956013,-8.322053845,21.04350937,-5.965800144,-0.479884682,-30.74091603,28.08979079,30.66812238,-11.15839535,26.23383613,-41.12517168,3.956739521,30.93148975,-18.54974862,42.22700508,-17.87785051,23.87716605,16.81569456,-37.27433999,1.905562839,-6.286947079,4.418620427,-24.63967924,-48.09175399,40.1582587,105.9169352,-37.43987538,32.27497541,-61.31352939,3.221931186,-140.1491247,94.1515275,42.05718337,-129.7425869,-82.90590573,279.3199087,85.72090325,163.6843277,32.02443921,21.73295218,-0.422258739,-0.604093357,-5.872454373,-3.263873129,-1.702081259,3.459379867,4.824118611,0.200241691,0.200782289,-1.850768416,-3.566157993,-0.95832705,-0.504398261,5.406018447,0.22233276,-2.568968275,-0.020886839,1.438762604,-0.595369084,-1.525979209,2.02536161,-2.85246543,1.328375836,1.351060195,1.41176393424441e-11
X90W.F_S21.Me,97.74590513,73.82817226,52.70749884,-16.42029273,-28.37409536,-4.260114983,54.91870039,-105.3150497,87.43306649,-26.17105841,165.3689396,55.66918851,39.7280553,-11.14200164,34.63872739,-292.8744416,86.50335663,27.26345227,-34.76662152,-2.337162607,-1.287172162,-56.66723313,-34.83723552,-20.08208734,-61.17679559,-12.55502043,25.14531041,-21.74847435,5.159113719,-20.76472726,12.61496304,-11.57309648,3.639500628,8.952722525,-3.010792753,-2.86575226,-0.563799735,-1.90460968,-5.262659817,-2.216044815,14.31902939,-0.457540931,-15.68308299,-15.06901064,7.155344828,-9.380972414,7.592216172,35.1384988,-182.2142141,-9.468986334,-85.44589337,2.63164363,-9.130781271,-6.536734948,-0.52060414,-4.998269468,1.214560921,-7.329725937,-2.313467963,1.207092508,5.345018048,-6.131173757,-2.07231909,-2.387818058,1.05930375653526e-10
X91W.F_S30.Me,-97.52471168,-210.6322031,-30.81397916,311.7523433,-49.09345989,-61.06439723,22.90838554,-29.70779798,71.86832715,-17.9371546,62.36682516,43.32113176,0.192562063,14.94487798,22.16397896,18.00231544,-5.405358046,-13.01044858,-1.230598089,-4.709473196,27.02764614,11.52462843,-11.44497368,11.26352738,-10.00151263,-7.370032277,-3.647095159,-3.0794061,1.14161803,3.769431617,-12.57264664,-3.206940661,11.10412445,1.116999384,0.795740137,-1.901887013,-3.164903991,3.014339986,2.0100854,2.904906975,7.014792489,-0.54297413,-3.415540645,-4.466400652,-3.150543854,-1.705624202,0.855053602,5.43325651,-4.505412939,1.225081016,2.498774252,5.730900176,-1.871431496,2.818481794,-0.12217035,3.565680469,-3.359534203,-1.015492408,-4.647244693,-0.833519987,-16.29552477,27.73211691,175.9893322,-34.30835943,-6.39E-12
X9W.F_S43.Me,48.47946242,10.81554574,63.62269224,-16.68013044,-20.1243041,-69.15517215,13.60339665,27.33147979,-49.1722606,47.38201852,-21.23817854,1.010748654,-28.30013971,-10.29602586,34.46926942,-22.32558046,-19.7040721,130.7981099,-98.08401949,88.03493745,165.0109053,186.2585479,181.9591024,59.94138704,-35.62411147,-128.6392577,11.46866694,-21.9012569,28.6867037,-9.960511894,27.67623222,0.036335276,-53.89223007,2.846874699,-21.41374502,53.07530038,-17.91742148,-22.38797696,4.573743458,19.30352603,235.7211409,64.34638002,16.86267196,19.9459246,16.2969498,2.267599867,-5.48662882,-1.395093157,7.950276815,-1.966954897,4.545049022,-4.787586394,-0.428220045,-1.613376814,1.257980733,-1.884942537,-1.470560619,1.551412286,1.290180479,0.627682799,2.683422837,-1.67752281,0.054318734,-1.933679397,-4.08E-12
X12O.G_S22.Me,-104.4114439,42.49305453,-20.7911865,43.37520746,-25.91173949,29.08689115,-46.66480041,10.39898622,-6.196609463,-6.046952881,-29.2627487,-29.94245303,90.85599385,-25.5623068,-46.85168641,-41.90257041,-111.1616279,152.2450807,51.09898408,71.00754989,-89.3245677,-167.7003185,178.0757192,-47.05284,-11.84165792,-2.850355777,-53.6641688,-21.43879734,-2.584020218,23.16832049,-12.66946138,-7.886281193,25.32439503,-14.84899878,6.84200152,4.729456908,0.433187614,-9.662105833,7.182758528,-20.32803597,-2.695966059,4.327709153,6.721175904,3.297478156,-2.123244665,-16.78425729,-3.699924073,-5.664246579,-12.42107722,10.68634808,18.40813134,4.718495408,-16.43522727,-34.78596313,-9.98691468,153.0560081,-115.5633903,-1.86440314,-1.151345048,-5.394812168,14.05409465,3.421271328,-3.801868597,5.136295773,-4.40E-12
X14B.G_S25.Me,-47.69530355,-127.287398,68.47179312,-81.36460129,233.5995192,55.41665325,-56.43534731,-113.1791842,-53.25368319,-145.475886,-7.255503896,77.39102195,154.531887,2.447796616,2.093126791,19.80337426,-1.943152688,-31.32964908,-59.18053382,56.79936651,-4.521373575,25.59862335,3.309744766,-4.073164046,25.40841207,-5.540791537,4.388926361,-1.198960256,7.375289174,3.642982854,9.155529593,-1.620890812,-4.004222879,5.172860796,-10.4690981,-1.547520248,-6.120271459,-0.661117062,-6.037779568,8.465798552,0.142701431,-0.595196917,-31.48096918,-26.96469267,-0.339659182,26.58149623,-17.97033713,212.1280426,30.49227481,15.36825933,29.21427246,-23.20972523,-29.96824138,-0.837316915,-4.662834758,1.586075591,-2.228956345,1.806882802,-1.271855152,0.604961533,2.890125566,-3.776932942,-2.217454867,-0.044155425,5.17459821058842e-12
X15G.G_S24.Me,-82.85014931,35.33816071,41.27788006,-8.081051541,19.78738327,-20.35660191,-37.78307973,34.62058262,-61.82560093,-57.02858867,6.369268849,-18.76371495,-82.74214126,23.08494747,142.9592129,36.38496867,213.8362254,34.41846145,155.77254,113.6680367,-51.28849201,-59.16546474,-9.448035509,125.2311788,8.893141363,-67.38539656,26.40749802,15.70138563,2.242984393,14.13354665,-13.06524709,-12.0605442,7.561239546,-12.11858672,-0.347527099,2.494616236,-0.238195283,7.353165528,0.01129923,9.968164572,24.46597173,18.86012253,-66.44198523,-171.4209344,-77.08081242,-98.28250053,5.680284956,-19.69618939,31.86049364,2.84689375,-26.73561023,-2.517257745,-13.03720755,-7.783957662,-4.567753381,-3.066663146,2.134162773,-4.920827106,3.027654786,-2.009963238,-1.236715163,-5.613814347,-2.045360566,-2.171072743,3.68051975022451e-12
X15W.G_S12.Me,83.59131041,-50.84190813,-96.62398233,57.74798175,64.7616427,9.644254434,-114.73222,-167.750198,-81.9073684,67.30095353,-68.15452218,-127.6957067,-90.00508891,-85.92755611,-120.1946962,-17.90166122,1.51107871,42.67680894,12.74680149,5.379074399,-1.373578482,-37.77088566,-22.9517011,-32.33347446,-30.07322607,-1.16234655,285.4158577,-133.2382213,-15.68334035,-30.5551576,-72.85460478,43.47063096,-104.7947482,-65.95489652,-90.09820573,-98.04459079,41.4405789,70.66297665,-24.94020114,-17.52589496,9.591231743,-14.84914541,-2.360953541,-2.097910532,-4.441082198,1.183151126,2.643744732,-6.557976171,4.944373652,-2.833616105,-1.902414558,2.356914993,-3.31355371,-2.26760064,-3.365065417,-2.749769583,-3.716979116,0.146903212,1.191692075,-1.372464597,-0.549057265,-0.46519427,-2.162304972,-0.400064971,-8.13E-12
X18W.G_S41.Me,206.6846856,-14.28512313,111.5143405,63.91834229,-129.9591126,311.8022775,-54.78283314,-12.36814328,48.35307109,-80.31139092,-8.437091284,36.77092401,-65.85271282,-22.21500863,-34.57736075,110.3437312,15.34687848,4.018326206,-20.4909837,28.68362944,-55.19678503,41.65111303,5.202672903,-38.98079372,-35.31770208,-15.23747155,10.60616155,31.6174801,7.452594453,-0.80218708,11.63078798,-13.84020293,10.27069288,-11.31429717,-14.12519734,0.519516242,-5.619969352,7.178220971,3.211132818,-21.68773233,-63.03562406,249.0056553,-7.097474455,3.655603698,3.378327311,1.01255017,-0.611438103,-2.467943337,-12.26283519,5.063519114,4.856779908,2.218284911,2.25319068,0.277818069,4.022552403,0.502322842,0.727136489,0.991628359,-2.133757037,1.386943578,0.594398108,0.469367088,-0.341458574,-0.121534097,-1.08E-11
X20G.G_S29.Me,-109.6719808,54.92009721,-3.695166671,0.748568274,-4.813894126,19.78843616,46.4889057,29.29309618,-63.31453275,-111.7269318,-7.58341214,-65.39776563,-191.5725896,120.4858808,21.41552887,-61.86497281,-98.07064667,-147.6272796,-173.7650752,72.77744676,-26.78768691,-48.65393779,16.34314276,43.50251391,-23.6399464,18.0333252,-2.250058926,-7.639005369,8.223174269,-1.747194056,-24.32967216,7.791773525,17.28366496,-16.40237305,-9.400500042,-6.495775754,12.15485617,-1.289570734,6.456326416,-13.47055004,-6.924758152,-1.774022058,12.10099768,12.10994399,11.95949026,-1.461343239,-14.08119544,2.82029903,11.99736154,-1.470156046,-10.7953655,-11.56127983,1.750711105,-188.848928,31.68427773,-39.52876456,-6.425004349,-2.154505397,6.377606344,-3.159161531,-2.153709924,5.14361351,3.875089203,5.721248781,-4.32E-12
X21B.G_S7.Me,-130.3954744,31.86625199,-98.15347052,-78.81898568,-92.69279666,31.60821899,-13.47972725,-99.83759418,-109.6614393,84.99704488,82.18799154,233.7908321,-73.23957197,-96.9170784,24.51837889,54.4950267,-15.47053159,-28.82145656,0.360177335,-13.40704772,33.7585979,-8.316247155,28.2311551,-4.774481146,6.45042884,32.92845774,1.795936418,9.348405664,7.142955949,9.638512023,3.19689022,0.060286641,2.164934271,-7.976494278,0.494019623,0.005188317,-0.256164238,8.328919304,2.00817737,5.949918326,0.254525876,-3.010473537,-14.15290343,-9.264127417,0.502747639,4.945606171,-0.815713327,2.29936642,-8.247024723,-3.769925662,5.806605843,9.064470679,10.3741419,2.907219054,-6.973260114,-7.009098773,1.263371761,9.469105507,-22.66314719,19.24070481,32.55995626,178.6444451,-25.38303969,5.387188723,4.05963911643517e-12
X28W.G_S47.Me,15.19286859,19.26637076,5.893940242,-27.10984899,-19.68542242,-36.61255401,42.99933159,-45.07183741,66.02956549,27.48092352,4.562476644,23.98525862,-31.71919495,77.65058221,-15.27236381,29.10472305,65.29970767,-42.23077625,-44.39158654,-39.18912942,-55.13940754,-23.08868144,38.52578843,-135.229301,258.4689229,-204.1472868,4.135723617,-71.43216092,2.266623992,-5.045536133,8.54987197,-7.104005047,-25.49637575,-58.68312326,42.6762804,-27.65928103,-90.79559812,52.60225096,241.9461184,13.95599657,-16.56436445,-10.27466832,13.6855171,8.230054162,-3.619562666,-1.669889756,-2.383667861,0.443555635,3.656111505,3.171914005,-3.040439564,1.114296647,0.509871711,2.450670464,-5.037315953,-1.478976343,-0.330467773,1.386177886,1.514347111,0.821629777,1.387223203,-3.112925406,-0.798814338,0.712432691,-7.67E-12
X29W.G_S76.Me,98.89784691,12.59983028,53.67369602,4.412597251,14.84313893,-42.7549051,9.842546196,18.01237266,-29.50036181,31.3844246,-11.3125378,8.542237528,-6.923918868,-11.22412866,17.3458312,11.71867751,3.587534976,5.356656178,-34.09722604,10.99664853,10.51276862,-17.06695252,-22.90984259,-35.0176994,58.94766416,91.58298615,19.21331493,8.801535508,0.58902807,162.8516208,-255.5954982,-271.9275729,-79.77659774,50.88194699,10.55329845,24.74703747,-88.54235264,-78.52060848,-18.59175536,-3.565005179,1.773524266,-6.541876495,6.15063664,6.102976652,-1.548581299,-2.310026067,-1.597882858,-1.932856034,-1.939141873,3.761195341,2.226661041,-0.149865448,1.023990581,1.888158506,0.410151734,-3.12763265,1.433819848,-1.221453223,3.176929,-0.297905721,-1.039716463,0.231136506,0.061159794,0.122046339,-4.24E-11
X29Y.G_S68.Me,-68.10361095,49.89008789,8.363225795,11.89718743,8.157744609,-22.52883741,57.20648379,-35.50390326,-9.148542711,23.19414596,-2.763691366,-44.69748813,43.0760537,-49.62112806,17.05416752,19.59615227,60.54854377,28.18403162,-91.14985972,-200.425637,-242.0606689,124.5576042,83.23082395,135.4784038,-5.705983254,48.60610788,8.016474652,-24.4833925,18.82316448,6.977066313,8.372550792,-10.12250667,6.105117436,11.15028821,-3.965370804,-10.24790466,-18.03309991,3.021646308,1.03659307,-1.596744057,5.296985457,11.10856988,-16.2259145,-38.27369168,6.424141942,93.82701112,177.631076,-8.229022076,9.265055098,11.24581898,-5.399118415,-0.025376445,-12.96971436,-14.29453955,-4.666777533,2.284890384,-6.307836815,8.001326978,3.31973301,-1.287087538,-0.502640404,-3.871529595,0.802634909,1.598100642,-1.04E-11
X2B.G_S17.Me,170.0957143,74.20869837,-310.5106791,6.734635951,98.33825282,-34.59874413,-9.457024114,110.5542818,88.44386581,-134.7101395,28.0803176,71.0316015,-18.90428645,8.5074354,10.15267657,46.15697751,6.437781897,54.74483224,-23.05094592,4.481221013,-13.86956992,15.82209041,12.24520809,-0.98364426,-4.531865642,13.5274997,5.044807796,-0.048532572,-13.67118735,4.810816673,14.08380321,-4.741385593,-3.14619135,-4.433475438,8.748704942,-5.246467462,6.792553864,-4.469168654,-6.933498804,7.270919963,3.770936625,-6.319696292,-9.372657226,-6.753350758,3.372776398,4.414972953,-1.911292143,-3.192316918,4.467700006,-1.729356498,1.972000447,-3.329048843,9.721040267,-8.775810588,-4.084042606,6.015647866,2.999143879,-0.913948657,-37.83810602,173.9963107,26.70919218,-26.29910385,6.41328383,-4.751255781,-9.71E-12
X38B.G_S78.Me,107.9649868,-40.37237203,-138.5710898,61.43244715,91.39368956,11.91763366,-118.9737631,-210.3656436,-142.6396465,59.9138211,-61.6923524,-164.7813444,-130.2829917,-93.40916035,-81.52664731,-52.81680746,40.1270035,-0.23111411,-10.52307819,-27.37064026,10.21224607,-32.96735092,-54.79817118,17.70087292,-18.45859621,-73.61077784,-86.73441014,35.53554892,-20.24769486,-48.03287673,57.32728575,-55.57083913,138.3133872,85.94707845,134.3910687,150.3469168,-40.3607454,-58.94541763,18.30682101,13.93985515,-4.164524615,-3.541477839,6.146952698,1.922222441,5.999635747,1.234482475,-0.031304601,-1.286267966,-0.034530792,1.602393767,4.921863571,-2.618907549,3.035174296,4.066110799,-0.421855026,-1.800708752,3.852669712,3.579637597,-0.137896635,-2.218192981,-1.044173814,-0.474794703,-0.940278471,2.188712419,3.17983542668103e-13
X40Y.G_S63.Me,-20.82886023,-38.74068033,-112.5016936,-49.14678631,-2.171110741,158.9828278,224.9202762,1.016975084,-101.305984,71.21818387,137.7231663,-161.0921959,103.4065885,69.93143374,57.74162035,39.09318374,-48.81899484,54.00957403,31.6025837,-1.213651874,72.29194431,-5.841510027,-54.03026592,25.13345684,39.20294327,-2.615343079,19.5244209,1.874943411,-6.538656966,7.363015671,-0.971620199,-3.105590647,1.764068495,-6.06124522,4.396162518,-9.248835037,-5.044529925,-0.242990914,1.794613826,-0.052575026,1.357507784,11.15624669,-9.128908915,-4.402272569,0.736872514,7.822686365,-2.301111897,-2.164754696,2.888893972,4.479313366,-1.358493854,6.934754357,-1.271043623,-7.137590936,-9.476044537,-0.044174427,2.921095438,5.037289883,-169.3629163,-33.46114022,-29.81565337,-13.63303272,-2.558856062,3.544213728,4.68843650494187e-12
X45G.G_S69.Me,-137.8584261,42.01204713,-45.31866108,-11.90224596,14.45243628,31.92561231,-45.45177841,62.2089017,76.01920587,50.44945213,67.38937255,-57.67163044,1.306769606,-57.45587206,-141.6715057,-88.68566975,-11.62869384,-85.9565763,121.0242345,157.9805407,-66.57502861,231.3379367,-33.08294473,-57.38668083,24.90561484,25.49788918,3.016591694,37.55905575,0.834199726,17.02850863,-8.890912878,-11.84186827,27.05809346,-2.24844651,0.69281012,-0.416690401,-13.19773249,8.141294239,10.94498576,-15.98248401,-0.291695795,-5.554066797,5.057364191,3.701322043,-2.181111115,1.396093423,3.551403026,1.800342742,7.051931796,-1.893471342,-4.481543581,-4.015889106,2.975682333,-9.067719845,2.508611844,2.735943886,-2.002302129,-2.156472485,-6.299359051,-9.573189996,24.57778484,-3.101760791,-29.82780801,-149.1533711,-4.46E-12
X47W.G_S80.Me,-27.15466189,-120.519739,105.5361985,-84.86412249,176.2520758,36.28004506,-29.80758354,156.4699322,96.74979483,93.24493884,96.12019058,8.467078327,-165.597183,-53.04724279,-11.00007836,-12.90025253,-59.93567054,57.71080112,24.70316627,-111.3272932,15.82611781,-50.14200172,1.115841596,7.96698094,-13.05635055,-17.06489967,-1.238691427,-4.269423141,8.080895149,-5.978268686,-8.190613905,7.931966891,21.65484686,1.358262944,8.155043963,1.5699005,6.346069678,-8.59158185,5.154246469,9.44803485,0.00076725,1.882474516,-10.97656239,-10.44951899,-2.181396653,21.71930098,-16.50889868,7.181784658,0.762798506,-52.77501089,24.0390938,183.82566,-73.94425272,-8.038238012,9.866594869,-10.1859035,0.007678618,5.984818567,2.18313349,4.679956666,6.275192705,-7.186379658,-2.963818598,-1.741230321,-8.84E-12
X50B.G_S83.Me,119.810706,1.58649824,62.14774078,3.98974531,3.97115721,-39.13334767,10.09138943,32.89653622,-56.17571646,26.23241382,-58.3550872,10.78620392,28.83530047,-9.221999292,29.66281031,4.27849001,34.98248592,-10.41295928,-34.82416972,18.08992556,34.50605799,23.82598072,20.94138478,-54.22454855,34.62885203,67.20390311,-30.45505168,8.114256584,-18.42101436,32.56023775,-83.36006673,7.551103464,207.065607,-10.95990305,183.1765466,-207.6193908,92.18495602,152.6487442,-35.26585676,1.941962396,69.97049794,3.554574152,0.323782051,-0.172022633,-4.001301415,8.26394435,-1.714126097,-4.784272307,-4.994704579,3.358889344,3.234753102,-0.403941967,-1.462165054,3.462636444,0.883554505,-3.997931024,-2.407690435,1.887581845,-0.442060099,-3.659825343,0.488655107,0.935816292,0.873497865,1.809771999,-3.74E-12
X50G.G_S33.Me,-94.73344279,51.76376375,-1.608785272,-8.936742971,-3.956166165,15.89721403,-9.424155991,52.76205346,75.24107249,92.91128929,-30.25096253,20.69722583,82.97284839,39.80843784,-212.3368259,68.88919273,157.7404857,13.023272,-139.5587129,27.21316411,85.9845963,-89.6231584,-51.63079208,89.63992139,-40.34992264,-3.764778993,6.379638986,20.29975826,19.40612305,3.902181822,-0.828892488,1.339438053,19.67016726,-11.04295458,1.666199365,3.155998844,-0.09508257,-8.996558227,5.339013803,-2.948088492,-3.57626719,3.347503293,-1.038087427,-0.001769691,9.053969591,11.43716969,2.543443718,-0.537735713,6.513284355,-0.557589743,3.032626066,10.67909423,13.10915241,-1.352215103,-30.9514107,-12.7430392,-13.06977788,-187.9716848,-3.536365391,-0.298159484,-4.299229116,4.912162371,-2.342383186,1.524071206,9.00943338352387e-13
X51B.G_S18.Me,92.1447378,4.893275288,34.63497064,21.13839566,0.459453201,-55.6619205,6.504471785,32.1250777,-51.32926513,25.9501258,-40.04281269,3.632359939,10.79436397,-26.82256907,28.53679639,-8.685055687,0.39195352,-9.701390527,-13.58184138,2.450465957,-5.911508598,-9.011382361,-22.18463007,-45.87163691,55.13680043,97.52533333,59.22009819,47.41726255,-18.31029345,57.37747377,-25.38131311,220.8696487,107.0347248,-123.9062947,-23.43786395,-35.70112497,-195.9814498,-214.9988299,-25.08206596,22.5503894,15.13677033,6.084079214,-4.972399976,-3.289254764,-2.978768028,-5.222134257,-2.009625599,-0.947135591,-5.831398086,-0.658845955,-1.415730884,-4.116305684,0.182971582,3.399313161,-1.859016354,0.872442602,2.441326788,0.289037664,2.243627698,-2.598371599,-2.417706856,0.271618072,0.778311515,0.355666182,-4.57E-12
X55B.G_S40.Me,133.9508461,-0.252798215,70.76437243,-39.09705235,9.63668847,-119.2337578,12.96001715,-106.649293,-21.94026621,61.62572438,57.22266527,68.41226973,-29.54077496,260.4647127,-113.628528,60.55992696,-68.27391939,22.02649168,110.8856216,16.89545839,-69.38399018,19.89122245,19.33921441,50.48622536,-41.5239413,32.84604548,-1.865249084,19.75994556,-42.72708846,-1.093807102,21.42222407,-3.944963307,-2.612785128,2.153947388,5.559332098,5.758327268,10.36146298,0.207288813,3.530409235,7.010118969,-9.287685515,1.891585308,-30.63113856,-14.51174185,16.7385319,15.32717437,-2.888247728,-7.181589435,-9.733441485,-189.3914377,45.00980931,-59.75500448,-1.912862641,-0.946813042,2.497590233,10.29162548,1.985933024,-1.638190105,-3.088867135,-4.02291641,-1.985114364,-2.50371875,3.208321804,0.382853977,-5.37E-12
X55Y.G_S10.Me,-57.89157265,2.868600572,-8.776206543,-26.99132187,43.93351536,-28.33315781,42.5997513,15.95022907,-2.579254337,43.17993288,-24.97539957,-39.56256552,17.59026122,48.61429061,63.68380466,69.36679473,108.1198426,-109.6473016,22.85608749,-54.33193292,-6.523957587,-3.835450153,74.67554788,-230.7389717,-217.6390195,4.634717907,6.248773848,-18.5217266,29.38250448,-11.73060483,22.63440883,-20.50822457,-15.02621325,2.16958914,0.49515445,18.45307837,-23.55948957,-9.599571365,6.426687834,4.149976113,10.24583264,2.900027364,-32.02451874,-80.61027549,8.903148318,150.8839484,-106.8319896,-45.5227896,-2.681469179,29.02618239,-15.68171876,-23.28734148,-7.574751998,1.077485011,-0.130916505,10.87506672,-2.633422162,4.404543872,7.036147665,-4.109059777,-0.231929729,-5.781723633,1.209502016,-1.208750641,-3.34E-12
X56Y.G_S53.Me,-5.519576226,2.999788937,58.01660237,21.07638835,19.78230794,-35.26375311,3.277952866,21.46639731,-21.41028453,-7.589804012,-10.63012606,-36.52439697,-23.17385104,-28.42505052,24.45996286,-6.16296649,1.532405179,22.5416525,-38.85058667,-8.26939597,23.62344034,-41.70261642,-14.85509178,-53.810878,33.79803739,75.55042817,129.5854464,76.38552988,-29.50749278,318.482373,246.4659414,15.54941816,-27.87470739,64.35182452,15.2910191,41.97690993,65.69506874,39.88072953,39.7462122,-39.78742169,-1.742952647,-5.120145487,22.29088468,4.494316415,-1.009256664,-7.790896865,5.508416312,-4.063884075,1.462885796,-1.168336672,-5.008009398,-6.19408338,2.542289465,4.171330486,1.977381612,-0.052038333,4.142191579,1.682584983,4.643640049,-0.058750967,-0.990323887,-0.438434043,0.564577311,-1.541642667,-2.88E-11
X60G.G_S58.Me,-166.1313366,154.9054413,43.30230857,30.99747234,-18.29287679,23.28856357,-68.92589819,-56.52040365,-11.59604288,-186.181477,-49.28157058,-19.60938885,-38.55328165,93.87647291,-33.06010624,-7.604483005,0.850690852,145.4510854,92.29971161,-215.8400749,166.177805,86.54498379,-74.41862498,-67.92872657,29.37337235,5.783061155,-12.26614211,19.01731342,17.57298235,-3.760749893,-38.36337449,-4.386811425,40.82422345,-2.521269409,-26.41259437,-12.60208145,10.72473852,-13.40283442,-4.758672252,-26.42006027,-7.343796683,3.883482917,15.45944607,21.16814668,10.93557535,11.20332046,-4.250011101,19.69141162,66.78320486,-42.46446309,-140.1127997,8.464215206,7.733625349,4.360093445,5.38815691,18.49017185,-12.06874891,-0.08349728,-0.521980003,1.999905479,-3.548403018,7.184205532,0.228315332,1.511758364,-8.29E-11
X61W.G_S5.Me,60.09780365,2.03480665,-25.34127591,46.70622938,-17.64719773,67.59861796,-74.12573169,131.8718042,-82.77612982,19.97840905,-70.94538023,40.83144604,108.3045471,36.14841017,-18.38741524,-115.4536087,-28.4014541,-184.2943985,99.56511421,-115.3004867,64.5859114,-22.88165478,85.34632533,94.81497456,23.31198308,-38.94131723,36.47779943,-12.26779494,-41.80694972,8.88840395,7.109256457,-15.01136177,-6.830860996,0.94097372,-5.987476622,6.475869051,-14.00879091,19.14620262,3.733426467,10.68346102,-11.81138357,-1.309487203,-18.23172256,-62.66122137,213.1976195,-46.81883729,-1.007621798,-7.823227107,10.07786494,15.26659036,-1.045424776,6.261122357,-8.769418318,7.863165792,-3.01604836,-0.192539629,5.194576089,4.791852012,2.650970896,-2.791497595,1.047345513,0.242696688,0.352679431,-1.477195845,1.35503956332324e-11
X63G.G_S35.Me,-25.17247956,22.58060559,28.20441342,16.52551375,-37.78688859,-50.00512614,-33.03215606,103.7783336,-98.94242174,34.28958178,-55.56010566,62.48655115,56.81549149,-12.52958761,36.69643855,-13.48021462,-96.79413816,66.23478926,-46.57514632,11.81095785,-101.7288234,7.252545612,-215.4844627,-34.71323609,-83.17153462,-127.0354401,14.16494169,-1.288675236,-3.792993024,5.605136286,15.39138582,-13.3951869,-4.074966562,10.9366808,5.110110435,-3.203286769,-7.233510915,11.52010699,16.6648593,10.58557453,10.86255167,-4.803558925,-228.9915942,97.04568912,9.533294338,-9.302942083,1.858860315,-17.50743422,13.05142507,18.11517567,-10.3373947,-2.25620154,-3.228569493,-3.70147221,2.32852811,3.817105398,3.483930855,1.35600029,3.991024571,-1.609633395,-0.483763629,-5.318757079,-0.756591607,-0.589798902,9.73573536886148e-12
X67B.G_S8.Me,53.31485345,121.4268981,111.5808381,24.37973648,8.180437664,-126.0006301,126.6653008,-17.72154587,7.52633295,-111.0621436,70.19677358,-41.68236357,22.74049734,-181.453222,-75.64797729,115.6465922,-74.95041195,-100.8336513,66.78561453,-6.69316402,30.68367969,-54.87791502,-7.113983101,29.86803131,-11.10082951,-56.52120936,7.843457051,4.213595326,25.99324898,-20.10730848,5.624622312,-1.739340503,6.264912892,-2.84608707,-5.682080078,14.8569357,12.18714975,-1.908205461,-8.590737453,-0.514144339,-0.682774934,0.029870877,-8.712286324,-3.797937916,5.313722492,1.336372205,-4.256963994,1.641615363,-2.423426693,-6.137054523,6.394298979,3.333329649,33.64277797,28.22352243,-9.66381262,-110.0760659,-156.8023896,21.81502668,-2.73525496,7.82587811,-11.6854105,-5.260913782,-1.448691668,-2.724626181,6.10253757317198e-12
X67W.G_S86.Me,-10.46557388,98.74845406,2.061644429,-17.41060277,-11.41110929,-20.96773232,-178.1422671,-87.75545495,162.9516006,100.2711295,33.75034636,-79.24335449,67.42969798,28.01596713,168.0617596,73.4260683,-89.02948862,-48.43367303,-32.00494686,11.80600854,35.16040447,-7.66577733,-19.62761863,44.62212036,3.634437005,-1.503878163,14.93274312,4.742580675,13.64981644,-2.141968321,-0.272561644,0.60786627,7.742434459,-5.900171502,2.184293186,-3.65777663,5.606210249,1.857579422,-4.804752817,8.953688029,-0.183532263,-0.360069923,-19.08957114,-29.58946648,5.701562102,12.69556116,1.445088772,32.19435428,-7.222918227,-8.841488736,16.81285729,70.07092102,191.9074721,-9.714010556,21.1083943,31.1023929,19.50970425,10.94130499,4.83365206,-9.790872105,-0.07388548,-12.08498198,-0.576741397,1.406498499,-1.51E-11
X6W.G_S15.Me,6.380060228,-236.5546815,-45.54564604,-234.4154139,-252.1675142,-101.6283569,-72.11248576,22.29707333,34.94314817,-132.9895907,2.807505696,-94.54891495,16.282429,-28.78354942,-38.46748589,-5.284789393,9.097217707,-2.196706859,0.094704492,-28.76165301,6.570990969,-11.2898555,-15.65137131,16.36900174,-13.35362284,21.08111425,-9.750742887,-15.42134383,1.230515264,4.696016692,10.87538111,-15.08940454,0.239100808,-9.12831916,5.643109202,-5.415397781,-15.02633418,-2.312396666,-2.831535154,3.736556662,1.680880926,-1.697931004,-1.992246079,-2.877723961,-0.470463881,2.027984085,0.919372393,-2.763491108,8.568884025,-3.041093563,-5.391104469,-4.000057507,4.502615888,3.316785071,0.588210741,-15.7298664,-3.575066229,-2.96666758,-20.50343218,-32.58550436,153.6383013,-24.13276419,21.73937688,21.182797,3.47653688470692e-11
X75Y.G_S9.Me,19.91556223,4.288296067,53.77574046,33.18363285,8.794666246,-57.85587211,0.358153059,56.28256946,-31.90245614,14.27139045,-42.17564929,-17.12488645,-5.209124261,-37.80382936,40.93581653,2.947658213,-1.418096797,38.99217526,-46.13537185,25.15082706,26.95587894,-33.01457034,-4.701392915,-36.05466704,66.34917908,127.4100603,48.37340353,174.9944894,-108.6148518,-209.1781759,157.4479616,-190.7696304,46.51086681,-53.60997313,-135.655667,-54.31279931,-73.90211793,48.1932588,14.6899901,5.776019945,6.746443274,-17.49383077,9.785626301,-0.165737214,-4.820889341,0.152158099,4.445465479,-3.709840105,-1.434358123,3.472845839,5.65977515,-1.431597232,-5.59302892,-0.360319647,3.588320154,6.566041853,2.883651903,2.054018183,-1.531204833,-2.657397008,-2.986281388,2.325895692,-1.909832826,-0.007488614,8.26911867633589e-12
X76G.G_S85.Me,-22.41029808,-38.35808666,-30.89093324,-58.53053199,12.67614298,37.0430559,196.0465719,-96.27701063,169.8705959,31.29829133,-273.6186773,57.11657742,-40.42860549,-26.7296263,41.93970722,-48.79988381,-50.42636865,-4.223759134,71.75458891,17.14753181,14.04771674,5.896128414,-29.26532035,53.07951164,-29.70307221,-5.497006401,0.164029954,20.52673248,-4.004121681,9.307380024,7.586408715,-14.51728593,2.582305343,-4.756802447,3.201974762,-8.54403427,5.777555575,-9.357791122,-2.508211315,1.473034737,-2.792409634,4.691905779,0.618817748,7.279847402,-1.09633692,-3.736513658,-8.482144137,1.073196183,3.986313558,-7.630267374,-5.393218536,11.38934722,12.02392691,-30.1946726,-186.1972728,-2.035091705,14.59478782,27.63919022,12.56794644,-3.799300078,1.366064343,-4.881650726,0.083587477,-1.616729107,-4.36E-11
X90W.G_S67.Me,106.2168863,69.50134653,53.03890167,-9.574480527,-37.51703871,-4.882754484,53.02408378,-91.46786136,77.57980571,-25.12294555,163.9422854,57.73685567,45.00262339,-13.47210821,38.24427713,-291.9211516,85.99958696,26.54427667,-28.73781476,-4.249314641,5.944776555,-55.98941527,-29.31725114,-21.87505818,-56.94117607,-3.50805348,14.67618704,-7.604638986,15.10963872,-18.66475746,2.973984539,1.804558494,6.296232116,3.331480325,-2.58284022,-9.633173339,5.883792331,-8.542847166,-8.189568699,-6.892949681,-20.4712599,11.75411082,18.09778654,17.75778271,-5.09066458,8.258771351,-5.235438748,-35.16567422,185.5695949,10.17970958,85.37942026,-2.414308257,8.945458599,6.044701857,0.195897819,2.076744886,1.837591157,5.30603637,3.265862314,-1.518803098,-4.467668559,6.112276376,2.185904553,2.0342085,8.27762325270574e-11
X91W.G_S1.Me,-102.2607072,-253.9505663,-33.15666502,363.526297,-56.74589885,-79.38861454,35.00080633,-32.69158714,82.49620814,-26.81148843,76.54588302,54.46243289,0.604372334,24.59166402,27.96725323,24.00542519,-5.563171178,-16.84012131,-1.038753209,-4.486660313,36.14688178,11.66157841,-15.37188893,17.19647359,-13.56206724,-8.803390488,-7.914814193,-4.568282196,5.445371034,10.75381881,-14.24059737,-4.208843101,19.38810879,-6.004370065,-1.426629947,-1.476277953,-1.795302485,1.4435077,-1.527593323,-4.953145752,6.257340844,0.236140678,1.7371027,-0.63826009,2.706904366,3.190869176,2.582817872,-2.073446045,2.925536657,-1.795758651,-1.026473853,-4.231740713,-0.439832075,-1.946634389,2.34859223,-2.312018328,3.118313969,1.183892615,0.876002512,1.77302358,13.51967126,-25.08211097,-149.5795924,28.37870819,7.04328521842893e-11
X9W.G_S48.Me,89.17650001,-10.01895727,62.72677968,6.589498114,-32.68112834,-75.31635278,27.81253567,50.22573051,-66.634416,41.58083243,-39.15782925,-6.206697073,-16.34829283,-25.90744775,48.92097968,-17.83161404,-10.40500251,110.9243845,-97.52667434,91.68857872,150.3899715,177.4490949,157.7030093,25.06193103,-34.11581586,-79.06124367,14.9404054,-13.15055983,23.52937643,-10.74696352,-4.581714399,14.34325251,10.89218211,4.550644227,14.07105083,-5.490951658,10.36591905,-8.399906517,-11.43033992,-36.45063372,-264.0631275,-73.57073569,-22.44458838,-26.60858716,-13.9706961,2.121890866,4.98690751,0.870272459,-10.60379508,2.977267201,-4.01902987,2.844657811,-2.388621131,4.600953443,-0.759511046,-0.589285373,-0.147423198,-2.194777602,-0.874705893,-0.033551867,0.368155595,0.379649851,0.533467044,1.40633211,1.71642051981414e-10