Chr,Locus,Meth.x,end.x,width,strand,gene_id,combined,feature,transplant_logFC,logCPM,LR,PValue,FDR,Sig,Dir,Sig_Dir,Treat,Description,start,end.y,GO_terms
NW_026262581.1,25886508,1,25886509,2,*,NA,NW_026262581.1-25886508,interg,-4.490311108534918,2.5734647826737373,20.354301942596237,6.434825896276389e-6,0.013466873201412592,TRUE,Down,TRUE_Down,Origin,NA,NA,NA,NA
NW_026262581.1,65266415,1,65266416,2,*,LOC127706502,NW_026262581.1-65266415,intron,4.542608894972556,4.06905834367476,27.310091732741405,1.7330455254818592e-7,0.0013419664722016228,TRUE,Up,TRUE_Up,Origin,protein FAM32A-like,65259356,65271270,GO:0005730
NW_026262581.1,80635877,1,80635878,2,*,LOC127724546,NW_026262581.1-80635877,intron,4.175907208699266,2.9703666632633032,16.801729417395165,4.149546883104498e-5,0.04067291308181186,TRUE,Up,TRUE_Up,Origin,uncharacterized LOC127724546,80615774,80655570,NA
NW_026262581.1,132123840,1,132123841,2,*,NA,NW_026262581.1-132123840,interg,6.0896589031893935,3.426095925062176,24.882685300564788,6.092719805796841e-7,0.002246145174905306,TRUE,Up,TRUE_Up,Origin,NA,NA,NA,NA
NW_026262581.1,141940430,1,141940431,2,*,NA,NW_026262581.1-141940430,interg,4.0906270116535195,2.653819660042064,16.529101855623406,4.7909083870677274e-5,0.04416419048145267,TRUE,Up,TRUE_Up,Origin,NA,NA,NA,NA
NW_026262582.1,10247132,1,10247133,2,*,NA,NW_026262582.1-10247132,interg,4.7575919797360875,4.443638013555682,16.96577007199519,3.8059850899691604e-5,0.03827437005930805,TRUE,Up,TRUE_Up,Origin,NA,NA,NA,NA
NW_026262582.1,27578439,1,27578440,2,*,NA,NW_026262582.1-27578439,interg,3.2592299657542934,2.930795446410234,16.103703853745348,5.996664012701924e-5,0.049929643135436644,TRUE,Up,TRUE_Up,Origin,NA,NA,NA,NA
NW_026262582.1,33973472,1,33973473,2,*,NA,NW_026262582.1-33973472,interg,-3.377702801658076,3.6205414378962506,18.586219044217085,1.6239024280388272e-5,0.020778672489448823,TRUE,Down,TRUE_Down,Origin,NA,NA,NA,NA
NW_026262582.1,33973494,1,33973495,2,*,NA,NW_026262582.1-33973494,interg,-3.462005132463742,3.6550789660310214,18.80146734623966,1.4505548293359629e-5,0.02005754690264303,TRUE,Down,TRUE_Down,Origin,NA,NA,NA,NA
NW_026262582.1,33973505,1,33973506,2,*,NA,NW_026262582.1-33973505,interg,-3.578007383598189,3.690097915894924,19.47885963505855,1.017192475415617e-5,0.01640943377944435,TRUE,Down,TRUE_Down,Origin,NA,NA,NA,NA
NW_026262582.1,51563790,1,51563791,2,*,NA,NW_026262582.1-51563790,interg,3.4499252094041015,3.2618216171810053,18.21009718424115,1.9782726302402357e-5,0.02438262175659148,TRUE,Up,TRUE_Up,Origin,NA,NA,NA,NA
NW_026262582.1,70832004,1,70832005,2,*,LOC127718458,NW_026262582.1-70832004,intron,4.6784094800587575,4.754549636553555,17.837969477540383,2.40535192835479e-5,0.027502823520602057,TRUE,Up,TRUE_Up,Origin,uncharacterized LOC127718458,70764081,70844207,NA
NW_026262593.1,24466523,1,24466524,2,*,LOC127719760,NW_026262593.1-24466523,intron,-5.713832862473496,2.7939885465518652,30.09378426463425,4.116485161516664e-8,5.312598533281355e-4,TRUE,Down,TRUE_Down,Origin,peroxisomal acyl-coenzyme A oxidase 1-like,24460375,24487502,GO:0000038;GO:0005504;GO:0005777;GO:0016401;GO:0033540;GO:0055088;GO:0071949
NW_026262604.1,28671934,1,28671935,2,*,NA,NW_026262604.1-28671934,interg,-4.6617665940067905,3.2751330411989548,18.20482094580026,1.9837605840654794e-5,0.02438262175659148,TRUE,Down,TRUE_Down,Origin,NA,NA,NA,NA
NW_026262615.1,1206907,1,1206908,2,*,NA,NW_026262615.1-1206907,interg,4.62705095530367,2.7316832847325623,19.706368786533126,9.029992116403735e-6,0.015246622217099647,TRUE,Up,TRUE_Up,Origin,NA,NA,NA,NA
NW_026262626.1,33362297,1,33362298,2,*,LOC127724772,NW_026262626.1-33362297,intron,5.278519209737189,2.654595603471746,25.060494877493003,5.55595332591074e-7,0.002151098449192861,TRUE,Up,TRUE_Up,Origin,uncharacterized LOC127724772,33361439,33373602,NA
NW_026262626.1,37515625,1,37515626,2,*,NA,NW_026262626.1-37515625,interg,-4.659780485384475,2.732270964384438,19.13768657161215,1.2161956753027028e-5,0.01776884828705462,TRUE,Down,TRUE_Down,Origin,NA,NA,NA,NA
NW_026262637.1,2979415,1,2979416,2,*,NA,NW_026262637.1-2979415,interg,-4.271780548106664,3.2864873777553094,19.058116017862773,1.2679736343427437e-5,0.018182272296610374,TRUE,Down,TRUE_Down,Origin,NA,NA,NA,NA
NW_026262637.1,10110456,1,10110457,2,*,NA,NW_026262637.1-10110456,interg,4.093584445076107,4.457451115333271,19.31031856953083,1.111043014279615e-5,0.016829909608605413,TRUE,Up,TRUE_Up,Origin,NA,NA,NA,NA
NW_026262637.1,17128185,1,17128186,2,*,NA,NW_026262637.1-17128185,interg,-4.519385535331174,2.5622275581540284,19.524343627796096,9.932579450011007e-6,0.016364241641109625,TRUE,Down,TRUE_Down,Origin,NA,NA,NA,NA
NW_026262668.1,14748949,1,14748950,2,*,NA,NW_026262668.1-14748949,interg,-4.958368370951266,4.303513003199355,22.28054365264932,2.3558150369659228e-6,0.006644441569120921,TRUE,Down,TRUE_Down,Origin,NA,NA,NA,NA
NW_026262668.1,14748971,1,14748972,2,*,NA,NW_026262668.1-14748971,interg,-4.442519795909503,4.317157875194791,19.28268041586073,1.127242530447678e-5,0.016829909608605413,TRUE,Down,TRUE_Down,Origin,NA,NA,NA,NA
NW_026262668.1,14748984,1,14748985,2,*,NA,NW_026262668.1-14748984,interg,-4.056927612492811,4.316400463235022,16.106281471905582,5.9885077032454546e-5,0.049929643135436644,TRUE,Down,TRUE_Down,Origin,NA,NA,NA,NA
NW_026262668.1,14748999,1,14749000,2,*,NA,NW_026262668.1-14748999,interg,-4.979222815993728,4.315024232453227,22.753496783774427,1.8416871718332596e-6,0.005704368178549465,TRUE,Down,TRUE_Down,Origin,NA,NA,NA,NA
NW_026262668.1,14749002,1,14749003,2,*,NA,NW_026262668.1-14749002,interg,-5.0757185834644245,4.316000222118168,22.242769282840936,2.4026185388251386e-6,0.006644441569120921,TRUE,Down,TRUE_Down,Origin,NA,NA,NA,NA
NW_026262668.1,14749016,1,14749017,2,*,NA,NW_026262668.1-14749016,interg,-4.494241043973279,4.311129402373049,18.073850310752704,2.1249992108837357e-5,0.025314952137780185,TRUE,Down,TRUE_Down,Origin,NA,NA,NA,NA
NW_026262668.1,14749046,1,14749047,2,*,NA,NW_026262668.1-14749046,interg,-4.590883737509771,4.315280907023087,21.06735572497714,4.434182106297747e-6,0.011076014749001929,TRUE,Down,TRUE_Down,Origin,NA,NA,NA,NA
NW_026262668.1,30936114,1,30936115,2,*,NA,NW_026262668.1-30936114,interg,4.168302539293867,3.3394131520299766,23.64117620259127,1.1607693758302839e-6,0.003907957210784444,TRUE,Up,TRUE_Up,Origin,NA,NA,NA,NA
NW_026262668.1,30936211,1,30936212,2,*,NA,NW_026262668.1-30936211,interg,3.4861386489618,3.361760609619361,16.665561953483895,4.4583046838650285e-5,0.0421391103151292,TRUE,Up,TRUE_Up,Origin,NA,NA,NA,NA
NW_026262668.1,51735605,1,51735606,2,*,LOC127728981,NW_026262668.1-51735605,intron,3.3108477349078798,2.57702971533955,19.700593873770153,9.057321357369937e-6,0.015246622217099647,TRUE,Up,TRUE_Up,Origin,NA,NA,NA,NA
NW_026262668.1,51735624,1,51735625,2,*,LOC127728981,NW_026262668.1-51735624,intron,3.0842518425767045,2.610333688638382,16.68384453663309,4.415543032073762e-5,0.0421391103151292,TRUE,Up,TRUE_Up,Origin,NA,NA,NA,NA
NW_026262668.1,51735672,1,51735673,2,*,LOC127728981,NW_026262668.1-51735672,intron,3.247727701918948,2.610333688638382,19.78772383483738,8.653669705850158e-6,0.015246622217099647,TRUE,Up,TRUE_Up,Origin,NA,NA,NA,NA
NW_026262668.1,51735676,1,51735677,2,*,LOC127728981,NW_026262668.1-51735676,intron,3.425841935501235,2.610333688638382,26.758702368925583,2.305112903171854e-7,0.0014874509378684112,TRUE,Up,TRUE_Up,Origin,NA,NA,NA,NA
NW_026262668.1,80832376,1,80832377,2,*,LOC127728272,NW_026262668.1-80832376,intron,-5.471838833404778,2.6608002341514205,20.54819722226444,5.814852760402979e-6,0.013098763395037578,TRUE,Down,TRUE_Down,Origin,collagen alpha-1(I) chain-like,80751389,80908032,GO:0005201
NW_026262668.1,127931965,1,127931966,2,*,NA,NW_026262668.1-127931965,interg,4.4565216269016705,2.6041628355944297,16.351049877188483,5.262700082718708e-5,0.04642221788183486,TRUE,Up,TRUE_Up,Origin,NA,NA,NA,NA
NW_026262676.1,744864,1,744865,2,*,NA,NW_026262676.1-744864,interg,5.433801287606755,2.5064604310584775,20.869101593146976,4.91763527024136e-6,0.011539156651996044,TRUE,Up,TRUE_Up,Origin,NA,NA,NA,NA
NW_026262676.1,744932,1,744933,2,*,NA,NW_026262676.1-744932,interg,5.660625277035001,2.49604279122122,22.322709173441115,2.3046502188065987e-6,0.006644441569120921,TRUE,Up,TRUE_Up,Origin,NA,NA,NA,NA
NW_026262679.1,43951868,1,43951869,2,*,LOC127734637,NW_026262679.1-43951868,intron,-3.2348815441713232,2.194109379541447,25.494476386867674,4.4365124681785377e-7,0.001945778376911212,TRUE,Down,TRUE_Down,Origin,inactive polypeptide N-acetylgalactosaminyltransferase-like protein 5,43946602,43957175,GO:0005112;GO:0005794;GO:0008593
NW_026262679.1,64283013,1,64283014,2,*,LOC127733121,NW_026262679.1-64283013,intron,-4.886213350006155,2.754514294190441,19.877437042536705,8.25691044293924e-6,0.015246622217099647,TRUE,Down,TRUE_Down,Origin,zinc finger protein 474-like,64261725,64332074,NA
NW_026262679.1,64283018,1,64283019,2,*,LOC127733121,NW_026262679.1-64283018,intron,-4.197179158561436,2.7566901580554486,16.142148610113544,5.876164888358373e-5,0.049929643135436644,TRUE,Down,TRUE_Down,Origin,zinc finger protein 474-like,64261725,64332074,NA
NW_026262679.1,81129338,1,81129339,2,*,NA,NW_026262679.1-81129338,interg,4.9235682739662865,3.0258641208219457,25.457193870250414,4.523079110520162e-7,0.001945778376911212,TRUE,Up,TRUE_Up,Origin,NA,NA,NA,NA
NW_026262679.1,118701714,1,118701715,2,*,NA,NW_026262679.1-118701714,interg,5.190128229619314,3.309265661333258,16.876357695955974,3.9895426822615436e-5,0.03960592923823594,TRUE,Up,TRUE_Up,Origin,NA,NA,NA,NA
NW_026262679.1,126913622,1,126913623,2,*,LOC127736140,NW_026262679.1-126913622,intron,-3.4374671925430897,3.5781961606293398,17.213294478033035,3.340901907518303e-5,0.03403939451404898,TRUE,Down,TRUE_Down,Origin,neurogenic locus Notch protein-like,126905441,127006485,GO:0005102;GO:0005576;GO:0009986;GO:0048856
NW_026262679.1,126913738,1,126913739,2,*,LOC127736140,NW_026262679.1-126913738,intron,-4.33845386900119,3.4054016757007086,19.926966778522235,8.045741727339498e-6,0.015246622217099647,TRUE,Down,TRUE_Down,Origin,neurogenic locus Notch protein-like,126905441,127006485,GO:0005102;GO:0005576;GO:0009986;GO:0048856
NW_026262690.1,54377890,1,54377891,2,*,LOC127738286,NW_026262690.1-54377890,intron,-4.417944494213328,2.44965242048593,26.977950846417112,2.0578961602183918e-7,0.0014486466479122814,TRUE,Down,TRUE_Down,Origin,mammalian ependymin-related protein 1-like,54295546,54710297,GO:0005509;GO:0005576;GO:0005764;GO:0007160
NW_026262690.1,69391943,1,69391944,2,*,NA,NW_026262690.1-69391943,interg,6.318566474314449,3.1559020201550396,18.571049438875338,1.6368765940754428e-5,0.020778672489448823,TRUE,Up,TRUE_Up,Origin,NA,NA,NA,NA
NW_026262690.1,97749785,1,97749786,2,*,NA,NW_026262690.1-97749785,interg,4.482417056925394,2.67766553410282,17.43975700214699,2.9655795078059346e-5,0.031893983834367326,TRUE,Up,TRUE_Up,Origin,NA,NA,NA,NA
NW_026262701.1,4605796,1,4605797,2,*,LOC127702513,NW_026262701.1-4605796,intron,-5.286095325308797,3.3054566240511942,19.310918310172468,1.1106940926107811e-5,0.016829909608605413,TRUE,Down,TRUE_Down,Origin,serine/threonine-protein kinase PRP4 homolog,4575078,4612354,GO:0004674;GO:0005524;GO:0018105;GO:0018107;GO:0045292
NW_026262701.1,22291715,1,22291716,2,*,NA,NW_026262701.1-22291715,interg,-4.3861308146303,2.806638794454167,21.257950173510586,4.014418761543353e-6,0.010361750079378266,TRUE,Down,TRUE_Down,Origin,NA,NA,NA,NA
NW_026262701.1,22291853,1,22291854,2,*,NA,NW_026262701.1-22291853,interg,-3.7394776110073393,2.8813879394929804,16.16174218075181,5.815691705523162e-5,0.049929643135436644,TRUE,Down,TRUE_Down,Origin,NA,NA,NA,NA
NW_026262701.1,22291887,1,22291888,2,*,NA,NW_026262701.1-22291887,interg,-5.099803480069808,2.497553893018425,26.09167963856948,3.2558401429827157e-7,0.0016807515042114906,TRUE,Down,TRUE_Down,Origin,NA,NA,NA,NA
NW_026262701.1,22291891,1,22291892,2,*,NA,NW_026262701.1-22291891,interg,-4.395857065287389,2.5204557182142118,18.8058133664124,1.4472532456674132e-5,0.02005754690264303,TRUE,Down,TRUE_Down,Origin,NA,NA,NA,NA
NW_026262701.1,22291906,1,22291907,2,*,NA,NW_026262701.1-22291906,interg,-4.763293446758606,2.5105449445747317,23.420720405602786,1.3016888749107832e-6,0.004199790680826733,TRUE,Down,TRUE_Down,Origin,NA,NA,NA,NA
NW_026262701.1,22291913,1,22291914,2,*,NA,NW_026262701.1-22291913,interg,-5.005444688856882,2.5105449445747317,25.305924380183384,4.892038763220524e-7,0.0019937375241643055,TRUE,Down,TRUE_Down,Origin,NA,NA,NA,NA
NW_026262701.1,22291922,1,22291923,2,*,NA,NW_026262701.1-22291922,interg,-5.569742753962569,2.5204557182142118,31.582375242973313,1.911566675907537e-8,2.960405079644484e-4,TRUE,Down,TRUE_Down,Origin,NA,NA,NA,NA
NW_026262701.1,22291933,1,22291934,2,*,NA,NW_026262701.1-22291933,interg,-5.473365769435027,2.5204557182142118,28.384236460171856,9.94719792540811e-8,9.628141551950645e-4,TRUE,Down,TRUE_Down,Origin,NA,NA,NA,NA
NW_026262701.1,23355092,1,23355093,2,*,LOC127703059,NW_026262701.1-23355092,intron,-6.053675400479717,3.069758656062807,26.09462557762574,3.25087634049084e-7,0.0016807515042114906,TRUE,Down,TRUE_Down,Origin,uncharacterized LOC127703059,23341194,23504308,NA
NW_026262701.1,25459398,1,25459399,2,*,LOC127702987,NW_026262701.1-25459398,intron,4.760876756311533,2.9074332661376494,21.492434662122662,3.552273269901352e-6,0.009485059599363493,TRUE,Up,TRUE_Up,Origin,ankyrin repeat and SAM domain-containing protein 6-like,25437609,25483539,GO:0003723;GO:0004540;GO:0005515;GO:0006396
NW_026262701.1,26596438,1,26596439,2,*,LOC127701937,NW_026262701.1-26596438,intron,4.192330088149632,2.44302062299185,18.626388909554294,1.590042895299064e-5,0.020778672489448823,TRUE,Up,TRUE_Up,Origin,SID1 transmembrane family member 1-like,26584821,26606184,GO:0016020
NW_026262701.1,26596469,1,26596470,2,*,LOC127701937,NW_026262701.1-26596469,intron,3.9936817545870946,2.44302062299185,17.46693340622423,2.923485457251791e-5,0.031884108858709174,TRUE,Up,TRUE_Up,Origin,SID1 transmembrane family member 1-like,26584821,26606184,GO:0016020
NW_026262701.1,26596483,1,26596484,2,*,LOC127701937,NW_026262701.1-26596483,intron,4.325457845307475,2.3865325757482356,19.744314415932106,8.85246558035447e-6,0.015246622217099647,TRUE,Up,TRUE_Up,Origin,SID1 transmembrane family member 1-like,26584821,26606184,GO:0016020
NW_026262701.1,38475332,1,38475333,2,*,NA,NW_026262701.1-38475332,interg,-2.335848208208341,2.611988305767545,16.321362618659762,5.345789738930811e-5,0.04651077333082791,TRUE,Down,TRUE_Down,Origin,NA,NA,NA,NA
NW_026262712.1,11710748,1,11710749,2,*,NA,NW_026262712.1-11710748,interg,-3.6284449588060426,3.612771013362346,32.821688317009844,1.0101154279954019e-8,1.9554319512848987e-4,TRUE,Down,TRUE_Down,Origin,NA,NA,NA,NA
NW_026262712.1,11710795,1,11710796,2,*,NA,NW_026262712.1-11710795,interg,-3.3053901343713896,3.495518703395488,27.644110051216742,1.4581538538658997e-7,0.0012545631724472453,TRUE,Down,TRUE_Down,Origin,NA,NA,NA,NA
NW_026262712.1,11710802,1,11710803,2,*,NA,NW_026262712.1-11710802,interg,-3.585908469061208,3.6101023981253126,28.478731874341197,9.47334226114327e-8,9.628141551950645e-4,TRUE,Down,TRUE_Down,Origin,NA,NA,NA,NA
NW_026262712.1,11710819,1,11710820,2,*,NA,NW_026262712.1-11710819,interg,-3.6284449588060426,3.612771013362346,32.821688317009844,1.0101154279954019e-8,1.9554319512848987e-4,TRUE,Down,TRUE_Down,Origin,NA,NA,NA,NA
NW_026262712.1,11710849,1,11710850,2,*,NA,NW_026262712.1-11710849,interg,-3.6284449588060426,3.612771013362346,32.821688317009844,1.0101154279954019e-8,1.9554319512848987e-4,TRUE,Down,TRUE_Down,Origin,NA,NA,NA,NA
NW_026262712.1,11710856,1,11710857,2,*,NA,NW_026262712.1-11710856,interg,-3.54639013782033,3.6107180599973963,26.110577292899325,3.2241297197214296e-7,0.0016807515042114906,TRUE,Down,TRUE_Down,Origin,NA,NA,NA,NA
NW_026262712.1,21395458,1,21395459,2,*,LOC127705275,NW_026262712.1-21395458,intron,3.4622411419675925,3.5923177113679317,16.587840400467215,4.644786767855788e-5,0.043333062479776516,TRUE,Up,TRUE_Up,Origin,uncharacterized LOC127705275,21046948,21478555,GO:0005509;GO:0005515;GO:0005576;GO:0005886;GO:0007156
NW_026262712.1,21395490,1,21395491,2,*,LOC127705275,NW_026262712.1-21395490,intron,3.8904257230586166,3.5861151501945066,19.702090157244207,9.050232373479032e-6,0.015246622217099647,TRUE,Up,TRUE_Up,Origin,uncharacterized LOC127705275,21046948,21478555,GO:0005509;GO:0005515;GO:0005576;GO:0005886;GO:0007156
NW_026262712.1,63627678,1,63627679,2,*,NA,NW_026262712.1-63627678,interg,4.582718439908035,2.710727188925591,17.485915072791972,2.8944410415506338e-5,0.031884108858709174,TRUE,Up,TRUE_Up,Origin,NA,NA,NA,NA
NW_026262712.1,70722400,1,70722401,2,*,NA,NW_026262712.1-70722400,interg,-2.334894031913842,2.9802062569693426,16.42219684103827,5.068818033845997e-5,0.04563940181777104,TRUE,Down,TRUE_Down,Origin,NA,NA,NA,NA
NW_026262712.1,102895278,1,102895279,2,*,NA,NW_026262712.1-102895278,interg,4.590711092086061,2.7818852954774935,16.663824541805987,4.4623899654423044e-5,0.0421391103151292,TRUE,Up,TRUE_Up,Origin,NA,NA,NA,NA
NW_026262712.1,102895296,1,102895297,2,*,NA,NW_026262712.1-102895296,interg,4.839035648998458,2.7818852954774935,17.8301885641242,2.4152077890861118e-5,0.027502823520602057,TRUE,Up,TRUE_Up,Origin,NA,NA,NA,NA
NW_026262712.1,102895350,1,102895351,2,*,NA,NW_026262712.1-102895350,interg,5.24773233536264,2.7818852954774935,20.282035828402837,6.6825078094908105e-6,0.013617192361055564,TRUE,Up,TRUE_Up,Origin,NA,NA,NA,NA
NW_026262712.1,102895369,1,102895370,2,*,NA,NW_026262712.1-102895369,interg,5.2826141315515365,2.7818852954774935,20.513694950334756,5.920612635616334e-6,0.013098763395037578,TRUE,Up,TRUE_Up,Origin,NA,NA,NA,NA
NW_026262712.1,102895382,1,102895383,2,*,NA,NW_026262712.1-102895382,interg,5.555808912503856,2.764996835940896,20.98565394802682,4.6273539330762e-6,0.011197328889181953,TRUE,Up,TRUE_Up,Origin,NA,NA,NA,NA
NW_026262723.1,42726438,1,42726439,2,*,LOC127709457,NW_026262723.1-42726438,intron,4.7333689500293525,3.1109374214429875,20.45860773055069,6.093488616409471e-6,0.013106755486751416,TRUE,Up,TRUE_Up,Origin,uncharacterized LOC127709457,42515468,42894388,GO:0005509;GO:0005515
NW_026262723.1,42726442,1,42726443,2,*,LOC127709457,NW_026262723.1-42726442,intron,4.449293010968999,3.2457782938324153,18.675877322790434,1.549301936046441e-5,0.020778672489448823,TRUE,Up,TRUE_Up,Origin,uncharacterized LOC127709457,42515468,42894388,GO:0005509;GO:0005515
NW_026262723.1,62580530,1,62580531,2,*,LOC127707881,NW_026262723.1-62580530,exon,-4.331992498502993,3.1793967263350287,18.15224391240202,2.0392899312005135e-5,0.02467349633321571,TRUE,Down,TRUE_Down,Origin,protein canopy 4-like,62567961,62582572,GO:0005102;GO:0012505
NW_026262723.1,62580530,1,62580531,2,*,LOC127707881,NW_026262723.1-62580530,UTR,-4.331992498502993,3.1793967263350287,18.15224391240202,2.0392899312005135e-5,0.02467349633321571,TRUE,Down,TRUE_Down,Origin,protein canopy 4-like,62567961,62582572,GO:0005102;GO:0012505
NW_026262734.1,14973485,1,14973486,2,*,LOC127712505,NW_026262734.1-14973485,intron,-3.493491739579559,3.1114513852957653,24.793391420905543,6.381588688162401e-7,0.002246145174905306,TRUE,Down,TRUE_Down,Origin,uncharacterized LOC127712505,14908535,15060352,GO:0005524;GO:0005886;GO:0016887;GO:0140359
NW_026262734.1,33933526,1,33933527,2,*,NA,NW_026262734.1-33933526,interg,3.9059066216994895,2.564118102417051,16.34638822876574,5.275660786736405e-5,0.04642221788183486,TRUE,Up,TRUE_Up,Origin,NA,NA,NA,NA
NW_026262734.1,38898015,1,38898016,2,*,LOC127712011,NW_026262734.1-38898015,intron,4.839898972082908,2.929673588382641,17.322714284329948,3.153942895628199e-5,0.03300302894325324,TRUE,Up,TRUE_Up,Origin,uncharacterized LOC127712011,38895863,38902354,NA
NW_026262734.1,38898048,1,38898049,2,*,LOC127712011,NW_026262734.1-38898048,intron,5.072499512395014,2.90136118900869,18.58250172388447,1.6270721687016915e-5,0.020778672489448823,TRUE,Up,TRUE_Up,Origin,uncharacterized LOC127712011,38895863,38902354,NA
NW_026262734.1,110039965,1,110039966,2,*,LOC127710810,NW_026262734.1-110039965,intron,4.0977320810546844,3.171177240808644,20.047352130785654,7.5548064292544356e-6,0.014999971308791998,TRUE,Up,TRUE_Up,Origin,N-alpha-acetyltransferase 25%2C NatB auxiliary subunit-like,110038826,110083305,GO:0004596;GO:0005515;GO:0005737;GO:0017196;GO:0031416
NW_026262734.1,111876116,1,111876117,2,*,NA,NW_026262734.1-111876116,interg,4.615138734591461,3.064970756505526,17.938311946870133,2.281813260042633e-5,0.02677120120880928,TRUE,Up,TRUE_Up,Origin,NA,NA,NA,NA
NW_026262736.1,267619,1,267620,2,*,NA,NW_026262736.1-267619,interg,-4.724136169245152,2.9246448793410265,16.49334703861726,4.882108357822975e-5,0.04447543277407815,TRUE,Down,TRUE_Down,Origin,NA,NA,NA,NA
NW_026262745.1,10962684,1,10962685,2,*,NA,NW_026262745.1-10962684,interg,5.03748566533868,2.5009917500750207,25.530056873929666,4.3554471063666054e-7,0.001945778376911212,TRUE,Up,TRUE_Up,Origin,NA,NA,NA,NA
NW_026262604.1,10547895,1,10547896,2,*,LOC127721349,NW_026262604.1-10547895,intron,-2.527122272590259,3.558932911691038,17.26144744275571,3.2572912092715936e-5,0.03363001166649821,TRUE,Down,TRUE_Down,Origin,lithostathine-2-like,10505161,10684032,NA
NW_026262604.1,10547936,1,10547937,2,*,LOC127721349,NW_026262604.1-10547936,intron,-2.5254775387890147,3.5788360616850574,17.32864072572276,3.144122340054318e-5,0.03300302894325324,TRUE,Down,TRUE_Down,Origin,lithostathine-2-like,10505161,10684032,NA
NW_026262701.1,9114506,1,9114507,2,*,LOC127703176,NW_026262701.1-9114506,intron,-7.314792546746445,2.788576243464551,37.788364015856075,7.885069370818425e-10,6.105724616599539e-5,TRUE,Down,TRUE_Down,Origin,TOX high mobility group box family member 4-like,9102497,9157361,GO:0005634;GO:0006357;GO:0031490
NW_026262723.1,62580429,1,62580430,2,*,LOC127707881,NW_026262723.1-62580429,exon,-4.808766710166697,3.1604528476760443,17.641031119899885,2.6677031170432726e-5,0.02993781495146794,TRUE,Down,TRUE_Down,Origin,protein canopy 4-like,62567961,62582572,GO:0005102;GO:0012505
NW_026262723.1,62580429,1,62580430,2,*,LOC127707881,NW_026262723.1-62580429,UTR,-4.808766710166697,3.1604528476760443,17.641031119899885,2.6677031170432726e-5,0.02993781495146794,TRUE,Down,TRUE_Down,Origin,protein canopy 4-like,62567961,62582572,GO:0005102;GO:0012505
NW_026262723.1,62580451,1,62580452,2,*,LOC127707881,NW_026262723.1-62580451,exon,-4.687820178091705,3.1643986144082703,19.277685950226953,1.1301951334652498e-5,0.016829909608605413,TRUE,Down,TRUE_Down,Origin,protein canopy 4-like,62567961,62582572,GO:0005102;GO:0012505
NW_026262723.1,62580451,1,62580452,2,*,LOC127707881,NW_026262723.1-62580451,UTR,-4.687820178091705,3.1643986144082703,19.277685950226953,1.1301951334652498e-5,0.016829909608605413,TRUE,Down,TRUE_Down,Origin,protein canopy 4-like,62567961,62582572,GO:0005102;GO:0012505
NW_026262581.1,43630703,1,43630704,2,*,LOC127702942,NW_026262581.1-43630703,intron,-4.542182118133029,3.4888809879656586,16.346921640263183,5.274176126850753e-5,0.03679284272131182,TRUE,Down,TRUE_Down,Transplant,CD209 antigen-like,43627046,43745556,GO:0009897;GO:0030246;GO:0044419
NW_026262581.1,43630703,1,43630704,2,*,LOC127703479,NW_026262581.1-43630703,promoter,-4.542182118133029,3.4888809879656586,16.346921640263183,5.274176126850753e-5,0.03679284272131182,TRUE,Down,TRUE_Down,Transplant,uncharacterized LOC127703479,43630899,43635838,NA
NW_026262581.1,45075855,1,45075856,2,*,LOC127701605,NW_026262581.1-45075855,intron,4.918141898787788,3.690716780518703,24.182188213112042,8.763907366805378e-7,0.002827601679338365,TRUE,Up,TRUE_Up,Transplant,early endosome antigen 1-like,45022947,45116841,GO:0005545;GO:0005769;GO:0006897;GO:0046872
NW_026262581.1,66821876,1,66821877,2,*,LOC127723088,NW_026262581.1-66821876,promoter,-5.464913476616835,2.810168215795072,23.586690762125027,1.1941059141125444e-6,0.0033022999054782417,TRUE,Down,TRUE_Down,Transplant,actin-binding protein IPP-like,66807134,66821440,GO:0005515
NW_026262581.1,102437668,1,102437669,2,*,LOC127728277,NW_026262581.1-102437668,intron,-4.327133798029156,2.4473779130957687,22.061325007164704,2.6407702826675007e-6,0.005680150168557645,TRUE,Down,TRUE_Down,Transplant,uncharacterized LOC127728277,102431862,102446513,NA
NW_026262581.1,102437675,1,102437676,2,*,LOC127728277,NW_026262581.1-102437675,intron,-3.8506586454377287,2.4473779130957687,17.98040676228396,2.2319044856075625e-5,0.023637661356856937,TRUE,Down,TRUE_Down,Transplant,uncharacterized LOC127728277,102431862,102446513,NA
NW_026262581.1,102437734,1,102437735,2,*,LOC127728277,NW_026262581.1-102437734,intron,-4.327133798029156,2.4473779130957687,22.061325007164704,2.6407702826675007e-6,0.005680150168557645,TRUE,Down,TRUE_Down,Transplant,uncharacterized LOC127728277,102431862,102446513,NA
NW_026262581.1,102437752,1,102437753,2,*,LOC127728277,NW_026262581.1-102437752,intron,-4.327133798029156,2.4473779130957687,22.061325007164704,2.6407702826675007e-6,0.005680150168557645,TRUE,Down,TRUE_Down,Transplant,uncharacterized LOC127728277,102431862,102446513,NA
NW_026262581.1,131381329,1,131381330,2,*,LOC127734496,NW_026262581.1-131381329,intron,4.879888381427881,3.7145462046312754,20.101985951434813,7.342039857962598e-6,0.011370470287229517,TRUE,Up,TRUE_Up,Transplant,eyes absent homolog 1-like,131357017,131475721,GO:0004725;GO:0005634;GO:0007275;GO:0030154;GO:0045739;GO:2001240
NW_026262581.1,131381372,1,131381373,2,*,LOC127734496,NW_026262581.1-131381372,intron,4.313691553611895,3.715433681763588,23.938219284685786,9.947714845103866e-7,0.003081165405263091,TRUE,Up,TRUE_Up,Transplant,eyes absent homolog 1-like,131357017,131475721,GO:0004725;GO:0005634;GO:0007275;GO:0030154;GO:0045739;GO:2001240
NW_026262581.1,132123840,1,132123841,2,*,NA,NW_026262581.1-132123840,interg,6.6633269528430334,3.426095925062176,31.23203536839287,2.2895643726199612e-8,3.5458025525890815e-4,TRUE,Up,TRUE_Up,Transplant,NA,NA,NA,NA
NW_026262582.1,33973472,1,33973473,2,*,NA,NW_026262582.1-33973472,interg,-2.937792356674741,3.6205414378962506,18.458102706770934,1.7368080435030192e-5,0.021013749068845747,TRUE,Down,TRUE_Down,Transplant,NA,NA,NA,NA
NW_026262582.1,33973494,1,33973495,2,*,NA,NW_026262582.1-33973494,interg,-3.0638651813145397,3.6550789660310214,17.954374022152354,2.262638665694128e-5,0.023637661356856937,TRUE,Down,TRUE_Down,Transplant,NA,NA,NA,NA
NW_026262582.1,33973505,1,33973506,2,*,NA,NW_026262582.1-33973505,interg,-3.0010697060936202,3.690097915894924,18.194126978478312,1.9949306187608645e-5,0.023637661356856937,TRUE,Down,TRUE_Down,Transplant,NA,NA,NA,NA
NW_026262582.1,74644619,1,74644620,2,*,LOC127718534,NW_026262582.1-74644619,intron,-6.097730017037987,2.513188163574944,24.456969360589802,7.598813606641105e-7,0.0026745751491665786,TRUE,Down,TRUE_Down,Transplant,uncharacterized oxidoreductase YtbE-like,74635483,74648728,GO:0016491
NW_026262582.1,74644631,1,74644632,2,*,LOC127718534,NW_026262582.1-74644631,intron,-6.656022380713333,2.500856576690308,28.88530891667542,7.679315743906521e-8,9.910668921894292e-4,TRUE,Down,TRUE_Down,Transplant,uncharacterized oxidoreductase YtbE-like,74635483,74648728,GO:0016491
NW_026262582.1,74644646,1,74644647,2,*,LOC127718534,NW_026262582.1-74644646,intron,-6.509458651992759,2.513188163574944,27.51020667214231,1.5626764787592333e-7,0.001728632720803464,TRUE,Down,TRUE_Down,Transplant,uncharacterized oxidoreductase YtbE-like,74635483,74648728,GO:0016491
NW_026262582.1,74647348,1,74647349,2,*,LOC127718534,NW_026262582.1-74647348,exon,-4.823195207314374,2.45445560703826,17.295164780600366,3.20000078335479e-5,0.027532095628699425,TRUE,Down,TRUE_Down,Transplant,uncharacterized oxidoreductase YtbE-like,74635483,74648728,GO:0016491
NW_026262582.1,74647348,1,74647349,2,*,LOC127718534,NW_026262582.1-74647348,UTR,-4.823195207314374,2.45445560703826,17.295164780600366,3.20000078335479e-5,0.027532095628699425,TRUE,Down,TRUE_Down,Transplant,uncharacterized oxidoreductase YtbE-like,74635483,74648728,GO:0016491
NW_026262593.1,23241303,1,23241304,2,*,LOC127719747,NW_026262593.1-23241303,exon,-3.1508137165895227,2.342871150121824,17.232595405029834,3.307132654803219e-5,0.028025902609410177,TRUE,Down,TRUE_Down,Transplant,uncharacterized LOC127719747,23228645,23241436,NA
NW_026262593.1,23241303,1,23241304,2,*,LOC127719747,NW_026262593.1-23241303,UTR,-3.1508137165895227,2.342871150121824,17.232595405029834,3.307132654803219e-5,0.028025902609410177,TRUE,Down,TRUE_Down,Transplant,uncharacterized LOC127719747,23228645,23241436,NA
NW_026262593.1,34229206,1,34229207,2,*,NA,NW_026262593.1-34229206,interg,4.534612007521731,4.552760037262489,16.70077176055954,4.376319164457456e-5,0.03322312727260771,TRUE,Up,TRUE_Up,Transplant,NA,NA,NA,NA
NW_026262615.1,1206907,1,1206908,2,*,NA,NW_026262615.1-1206907,interg,3.334157391126451,2.7316832847325623,17.47947841900916,2.9042573195978035e-5,0.026772412057825754,TRUE,Up,TRUE_Up,Transplant,NA,NA,NA,NA
NW_026262626.1,33362321,1,33362322,2,*,LOC127724772,NW_026262626.1-33362321,intron,5.385612701499511,2.6469890515971306,22.745900402782617,1.8489816626879586e-6,0.004618517615115465,TRUE,Up,TRUE_Up,Transplant,uncharacterized LOC127724772,33361439,33373602,NA
NW_026262637.1,15614497,1,15614498,2,*,LOC127725502,NW_026262637.1-15614497,intron,3.871285704461762,2.9528919245848644,16.882260407018187,3.977155028830371e-5,0.032074685252550875,TRUE,Up,TRUE_Up,Transplant,agrin-like,15589585,15629978,GO:0005515
NW_026262637.1,15614500,1,15614501,2,*,LOC127725502,NW_026262637.1-15614500,intron,4.07011518431393,2.9528919245848644,15.878408095067012,6.754494082587671e-5,0.04322541279265237,TRUE,Up,TRUE_Up,Transplant,agrin-like,15589585,15629978,GO:0005515
NW_026262659.1,4906846,1,4906847,2,*,NA,NW_026262659.1-4906846,interg,-3.1852570746266355,2.446179409354735,23.62040064837398,1.1733692207036332e-6,0.0033022999054782417,TRUE,Down,TRUE_Down,Transplant,NA,NA,NA,NA
NW_026262659.1,4906919,1,4906920,2,*,NA,NW_026262659.1-4906919,interg,-3.4984416287851245,2.554732387073802,24.708592376825,6.668620766043972e-7,0.0025918857791381463,TRUE,Down,TRUE_Down,Transplant,NA,NA,NA,NA
NW_026262659.1,4906952,1,4906953,2,*,NA,NW_026262659.1-4906952,interg,-3.3172552024813524,2.5585297804307654,19.859713336273188,8.333819332068903e-6,0.012653352277635753,TRUE,Down,TRUE_Down,Transplant,NA,NA,NA,NA
NW_026262659.1,4906968,1,4906969,2,*,NA,NW_026262659.1-4906968,interg,-3.54395017839657,2.5585297804307654,24.88155415661836,6.096295831336962e-7,0.0025918857791381463,TRUE,Down,TRUE_Down,Transplant,NA,NA,NA,NA
NW_026262659.1,6618682,1,6618683,2,*,NA,NW_026262659.1-6618682,interg,-4.62109073603761,2.749159450739786,16.379118164173004,5.1853362368584256e-5,0.036501938742263214,TRUE,Down,TRUE_Down,Transplant,NA,NA,NA,NA
NW_026262659.1,6618692,1,6618693,2,*,NA,NW_026262659.1-6618692,interg,-4.5650599340535924,2.749159450739786,16.19167880595721,5.724502307210408e-5,0.03821302686694231,TRUE,Down,TRUE_Down,Transplant,NA,NA,NA,NA
NW_026262659.1,6618713,1,6618714,2,*,NA,NW_026262659.1-6618713,interg,-4.656560271161298,2.749159450739786,16.629115103974065,4.544797655729083e-5,0.03347184609282316,TRUE,Down,TRUE_Down,Transplant,NA,NA,NA,NA
NW_026262659.1,6618716,1,6618717,2,*,NA,NW_026262659.1-6618716,interg,-4.656560271161298,2.749159450739786,16.629115103974065,4.544797655729083e-5,0.03347184609282316,TRUE,Down,TRUE_Down,Transplant,NA,NA,NA,NA
NW_026262667.1,4497481,1,4497482,2,*,NA,NW_026262667.1-4497481,interg,4.718219629552188,2.547985737089422,16.206032565211117,5.681290961198973e-5,0.03821302686694231,TRUE,Up,TRUE_Up,Transplant,NA,NA,NA,NA
NW_026262668.1,6856559,1,6856560,2,*,NA,NW_026262668.1-6856559,interg,4.088171108431813,4.003369084855548,15.908111115296137,6.649314545248567e-5,0.04290691854139812,TRUE,Up,TRUE_Up,Transplant,NA,NA,NA,NA
NW_026262668.1,21575949,1,21575950,2,*,LOC127729488,NW_026262668.1-21575949,intron,4.240598058735279,3.9479909596668787,24.352350376696187,8.022879600638705e-7,0.0027010593869385108,TRUE,Up,TRUE_Up,Transplant,guanine deaminase-like,21525508,21584721,GO:0005829;GO:0006147;GO:0008270;GO:0008892
NW_026262668.1,21575951,1,21575952,2,*,LOC127729488,NW_026262668.1-21575951,intron,3.806378459922884,3.9479909596668787,20.969939437845717,4.665465915244072e-6,0.008210583810932034,TRUE,Up,TRUE_Up,Transplant,guanine deaminase-like,21525508,21584721,GO:0005829;GO:0006147;GO:0008270;GO:0008892
NW_026262668.1,21575973,1,21575974,2,*,LOC127729488,NW_026262668.1-21575973,intron,4.49439427037294,3.9445281097733242,25.213990418064526,5.130864497869781e-7,0.002483146009550304,TRUE,Up,TRUE_Up,Transplant,guanine deaminase-like,21525508,21584721,GO:0005829;GO:0006147;GO:0008270;GO:0008892
NW_026262668.1,34728833,1,34728834,2,*,LOC127729746,NW_026262668.1-34728833,intron,4.649176260175796,3.1162985952419544,20.36205241786842,6.4088154831112475e-6,0.010558728045090135,TRUE,Up,TRUE_Up,Transplant,proto-oncogene vav-like,34723968,34793200,GO:0005085;GO:0005515;GO:0005737;GO:0016477;GO:0035556;GO:0043087
NW_026262668.1,51735605,1,51735606,2,*,LOC127728981,NW_026262668.1-51735605,intron,-4.194081882702333,2.57702971533955,24.701145155867138,6.694438564811701e-7,0.0025918857791381463,TRUE,Down,TRUE_Down,Transplant,NA,NA,NA,NA
NW_026262668.1,51735624,1,51735625,2,*,LOC127728981,NW_026262668.1-51735624,intron,-3.948312844274541,2.610333688638382,21.540340708825603,3.464633160228104e-6,0.006803212726149477,TRUE,Down,TRUE_Down,Transplant,NA,NA,NA,NA
NW_026262668.1,51735672,1,51735673,2,*,LOC127728981,NW_026262668.1-51735672,intron,-4.167088403838721,2.610333688638382,24.900860700565175,6.035547208834093e-7,0.0025918857791381463,TRUE,Down,TRUE_Down,Transplant,NA,NA,NA,NA
NW_026262668.1,51735676,1,51735677,2,*,LOC127728981,NW_026262668.1-51735676,intron,-4.408302600427089,2.610333688638382,32.12491505348806,1.4457133632148194e-8,3.5458025525890815e-4,TRUE,Down,TRUE_Down,Transplant,NA,NA,NA,NA
NW_026262668.1,52979788,1,52979789,2,*,LOC127730032,NW_026262668.1-52979788,intron,-2.6078892540358907,2.8998137849682215,18.5371684998337,1.666231296361274e-5,0.02070986615659188,TRUE,Down,TRUE_Down,Transplant,uncharacterized LOC127730032,52969757,53057954,NA
NW_026262668.1,52979803,1,52979804,2,*,LOC127730032,NW_026262668.1-52979803,intron,-2.5139781117859905,2.9316692271786104,17.733061146847355,2.5417056812497507e-5,0.024301455143235527,TRUE,Down,TRUE_Down,Transplant,uncharacterized LOC127730032,52969757,53057954,NA
NW_026262668.1,52979814,1,52979815,2,*,LOC127730032,NW_026262668.1-52979814,intron,-2.5146303841190085,2.9339183490352987,17.732796817398018,2.542058871557814e-5,0.024301455143235527,TRUE,Down,TRUE_Down,Transplant,uncharacterized LOC127730032,52969757,53057954,NA
NW_026262668.1,52979818,1,52979819,2,*,LOC127730032,NW_026262668.1-52979818,intron,-3.0687329030735504,2.9339183490352987,19.66177583446701,9.24319192001052e-6,0.01376417929104028,TRUE,Down,TRUE_Down,Transplant,uncharacterized LOC127730032,52969757,53057954,NA
NW_026262668.1,52979838,1,52979839,2,*,LOC127730032,NW_026262668.1-52979838,intron,-3.119132102703156,2.9339183490352987,17.43682183591194,2.9701621340464976e-5,0.026803625657907754,TRUE,Down,TRUE_Down,Transplant,uncharacterized LOC127730032,52969757,53057954,NA
NW_026262668.1,55577425,1,55577426,2,*,NA,NW_026262668.1-55577425,interg,4.503234259050034,3.0918284839460988,16.079133453472842,6.074974706002716e-5,0.03986521960886562,TRUE,Up,TRUE_Up,Transplant,NA,NA,NA,NA
NW_026262668.1,91947238,1,91947239,2,*,NA,NW_026262668.1-91947238,interg,-4.755751409394746,2.9815611740235095,17.776723678416538,2.4840365069668824e-5,0.024301455143235527,TRUE,Down,TRUE_Down,Transplant,NA,NA,NA,NA
NW_026262668.1,91947312,1,91947313,2,*,NA,NW_026262668.1-91947312,interg,-4.769552013075595,2.984798504232646,17.931939806943898,2.289465353416161e-5,0.023637661356856937,TRUE,Down,TRUE_Down,Transplant,NA,NA,NA,NA
NW_026262668.1,91947361,1,91947362,2,*,NA,NW_026262668.1-91947361,interg,-4.802239190005656,2.993844344651575,18.027549322752154,2.177311593619924e-5,0.023637661356856937,TRUE,Down,TRUE_Down,Transplant,NA,NA,NA,NA
NW_026262668.1,135764413,1,135764414,2,*,NA,NW_026262668.1-135764413,interg,-4.739548707961209,2.9581677513342677,17.343548592780216,3.1195545580689074e-5,0.027141526702191884,TRUE,Down,TRUE_Down,Transplant,NA,NA,NA,NA
NW_026262679.1,27754962,1,27754963,2,*,NA,NW_026262679.1-27754962,interg,5.2312906200880605,2.7186729658228956,23.269091885927985,1.4084532647323775e-6,0.003635405670042897,TRUE,Up,TRUE_Up,Transplant,NA,NA,NA,NA
NW_026262679.1,27754979,1,27754980,2,*,NA,NW_026262679.1-27754979,interg,4.874652607541357,2.7186729658228956,21.513028915066066,3.5143284480458078e-6,0.006803212726149477,TRUE,Up,TRUE_Up,Transplant,NA,NA,NA,NA
NW_026262679.1,35689011,1,35689012,2,*,NA,NW_026262679.1-35689011,interg,-3.7982378166558965,2.8013933437709455,18.118130493132988,2.0761515432638045e-5,0.023637661356856937,TRUE,Down,TRUE_Down,Transplant,NA,NA,NA,NA
NW_026262679.1,35689014,1,35689015,2,*,NA,NW_026262679.1-35689014,interg,-3.938945402659022,2.8013933437709455,19.456154267772565,1.0293563125246091e-5,0.013983715211233434,TRUE,Down,TRUE_Down,Transplant,NA,NA,NA,NA
NW_026262679.1,35689020,1,35689021,2,*,NA,NW_026262679.1-35689020,interg,-4.079827689194629,2.8013933437709455,20.97147074447692,4.66173826657857e-6,0.008210583810932034,TRUE,Down,TRUE_Down,Transplant,NA,NA,NA,NA
NW_026262679.1,35689023,1,35689024,2,*,NA,NW_026262679.1-35689023,interg,-3.938945402659022,2.8013933437709455,19.456154267772565,1.0293563125246091e-5,0.013983715211233434,TRUE,Down,TRUE_Down,Transplant,NA,NA,NA,NA
NW_026262679.1,35689027,1,35689028,2,*,NA,NW_026262679.1-35689027,interg,-3.938945402659022,2.8013933437709455,19.456154267772565,1.0293563125246091e-5,0.013983715211233434,TRUE,Down,TRUE_Down,Transplant,NA,NA,NA,NA
NW_026262679.1,43951868,1,43951869,2,*,LOC127734637,NW_026262679.1-43951868,intron,-3.9228137329350874,2.194109379541447,26.976803116465817,2.0591184859304612e-7,0.001774150969155771,TRUE,Down,TRUE_Down,Transplant,inactive polypeptide N-acetylgalactosaminyltransferase-like protein 5,43946602,43957175,GO:0005112;GO:0005794;GO:0008593
NW_026262679.1,56359234,1,56359235,2,*,NA,NW_026262679.1-56359234,interg,4.797730566826084,2.6233119990035094,19.13929663522677,1.2151701919517507e-5,0.016223360110964116,TRUE,Up,TRUE_Up,Transplant,NA,NA,NA,NA
NW_026262679.1,56359236,1,56359237,2,*,NA,NW_026262679.1-56359236,interg,4.722666096031456,2.6233119990035094,18.61223436806067,1.6018922014910528e-5,0.020334577168894783,TRUE,Up,TRUE_Up,Transplant,NA,NA,NA,NA
NW_026262679.1,56361868,1,56361869,2,*,NA,NW_026262679.1-56361868,interg,3.9869038460901587,3.477773703660582,15.932003408118653,6.56590763965401e-5,0.0427247472410898,TRUE,Up,TRUE_Up,Transplant,NA,NA,NA,NA
NW_026262679.1,56361896,1,56361897,2,*,NA,NW_026262679.1-56361896,interg,4.2169322049359295,3.4857793116773554,15.683239672999468,7.488481526164027e-5,0.047529760532539773,TRUE,Up,TRUE_Up,Transplant,NA,NA,NA,NA
NW_026262679.1,56361901,1,56361902,2,*,NA,NW_026262679.1-56361901,interg,4.003328691739176,3.473819280322797,16.613658034274348,4.5819868350327444e-5,0.03347184609282316,TRUE,Up,TRUE_Up,Transplant,NA,NA,NA,NA
NW_026262679.1,56361915,1,56361916,2,*,NA,NW_026262679.1-56361915,interg,4.003328691739176,3.473819280322797,16.613658034274348,4.5819868350327444e-5,0.03347184609282316,TRUE,Up,TRUE_Up,Transplant,NA,NA,NA,NA
NW_026262690.1,7854344,1,7854345,2,*,LOC127737375,NW_026262690.1-7854344,intron,-3.6376997733702203,3.2072736383645593,17.21962862043776,3.329781543076344e-5,0.028025902609410177,TRUE,Down,TRUE_Down,Transplant,remodeling and spacing factor 1-like,7839194,7883640,GO:0006355;GO:0031213
NW_026262690.1,54377890,1,54377891,2,*,LOC127738286,NW_026262690.1-54377890,intron,-4.0822948962191825,2.44965242048593,22.349229607740817,2.27304217246256e-6,0.00533365901765048,TRUE,Down,TRUE_Down,Transplant,mammalian ependymin-related protein 1-like,54295546,54710297,GO:0005509;GO:0005576;GO:0005764;GO:0007160
NW_026262690.1,116842750,1,116842751,2,*,LOC127739200,NW_026262690.1-116842750,intron,-4.2043724062377335,2.8455445016134684,21.812940991631784,3.0056604108545237e-6,0.006124744954055505,TRUE,Down,TRUE_Down,Transplant,uncharacterized LOC127739200,116838907,116847754,NA
NW_026262701.1,23930646,1,23930647,2,*,NA,NW_026262701.1-23930646,interg,-2.407875075359602,3.1011000790708,19.49420928625563,1.009051147232284e-5,0.013983715211233434,TRUE,Down,TRUE_Down,Transplant,NA,NA,NA,NA
NW_026262701.1,23930663,1,23930664,2,*,NA,NW_026262701.1-23930663,interg,-2.3091757449960304,3.1011000790708,17.668414805695402,2.629570119677983e-5,0.024532305138210232,TRUE,Down,TRUE_Down,Transplant,NA,NA,NA,NA
NW_026262701.1,23930678,1,23930679,2,*,NA,NW_026262701.1-23930678,interg,-2.3091757449960304,3.1011000790708,17.668414805695402,2.629570119677983e-5,0.024532305138210232,TRUE,Down,TRUE_Down,Transplant,NA,NA,NA,NA
NW_026262701.1,23930686,1,23930687,2,*,NA,NW_026262701.1-23930686,interg,-2.5054077724745287,3.1011000790708,21.897213730469286,2.8765127572346166e-6,0.006019996995775819,TRUE,Down,TRUE_Down,Transplant,NA,NA,NA,NA
NW_026262701.1,38475332,1,38475333,2,*,NA,NW_026262701.1-38475332,interg,-3.0619612836854677,2.611988305767545,17.817790036923462,2.430996562393079e-5,0.024301455143235527,TRUE,Down,TRUE_Down,Transplant,NA,NA,NA,NA
NW_026262701.1,38475362,1,38475363,2,*,NA,NW_026262701.1-38475362,interg,-2.8823905390748887,2.6069051514999257,16.14642594066073,5.862909694134268e-5,0.03880244010731563,TRUE,Down,TRUE_Down,Transplant,NA,NA,NA,NA
NW_026262701.1,111558327,1,111558328,2,*,LOC127700639,NW_026262701.1-111558327,intron,4.993833125131223,2.955139178394157,16.721687493020045,4.328336565106401e-5,0.03318419936459892,TRUE,Up,TRUE_Up,Transplant,uncharacterized LOC127700639,111538720,111564019,NA
NW_026262701.1,112895671,1,112895672,2,*,NA,NW_026262701.1-112895671,interg,-4.200601360772461,3.12064586841794,18.51587899623968,1.684946622756526e-5,0.02070986615659188,TRUE,Down,TRUE_Down,Transplant,NA,NA,NA,NA
NW_026262701.1,112895718,1,112895719,2,*,NA,NW_026262701.1-112895718,interg,-4.154203768310649,3.12064586841794,20.312922566039706,6.5754978452668566e-6,0.01060764791979987,TRUE,Down,TRUE_Down,Transplant,NA,NA,NA,NA
NW_026262712.1,11710748,1,11710749,2,*,NA,NW_026262712.1-11710748,interg,-3.1275626344380107,3.612771013362346,31.30279240474043,2.207618850100731e-8,3.5458025525890815e-4,TRUE,Down,TRUE_Down,Transplant,NA,NA,NA,NA
NW_026262712.1,11710795,1,11710796,2,*,NA,NW_026262712.1-11710795,interg,-2.9592533311764537,3.495518703395488,26.570517916742048,2.540917652392867e-7,0.001967534174953893,TRUE,Down,TRUE_Down,Transplant,NA,NA,NA,NA
NW_026262712.1,11710802,1,11710803,2,*,NA,NW_026262712.1-11710802,interg,-3.0775075239553935,3.6101023981253126,26.974043511138337,2.0620604285458507e-7,0.001774150969155771,TRUE,Down,TRUE_Down,Transplant,NA,NA,NA,NA
NW_026262712.1,11710819,1,11710820,2,*,NA,NW_026262712.1-11710819,interg,-3.1275626344380107,3.612771013362346,31.30279240474043,2.207618850100731e-8,3.5458025525890815e-4,TRUE,Down,TRUE_Down,Transplant,NA,NA,NA,NA
NW_026262712.1,11710849,1,11710850,2,*,NA,NW_026262712.1-11710849,interg,-3.1275626344380107,3.612771013362346,31.30279240474043,2.207618850100731e-8,3.5458025525890815e-4,TRUE,Down,TRUE_Down,Transplant,NA,NA,NA,NA
NW_026262712.1,11710856,1,11710857,2,*,NA,NW_026262712.1-11710856,interg,-3.022144483035071,3.6107180599973963,24.6036513522146,7.041817859177796e-7,0.0025965529719408262,TRUE,Down,TRUE_Down,Transplant,NA,NA,NA,NA
NW_026262712.1,18304963,1,18304964,2,*,NA,NW_026262712.1-18304963,interg,-4.409486323086275,2.879259275709763,21.20493403402913,4.127007082517977e-6,0.007608825391135644,TRUE,Down,TRUE_Down,Transplant,NA,NA,NA,NA
NW_026262712.1,18304966,1,18304967,2,*,NA,NW_026262712.1-18304966,interg,-4.301254215331243,3.1003053498424915,20.2676610868954,6.732904838142346e-6,0.010639913331361519,TRUE,Down,TRUE_Down,Transplant,NA,NA,NA,NA
NW_026262712.1,18304969,1,18304970,2,*,NA,NW_026262712.1-18304969,interg,-4.218512683069892,3.142449184543491,22.49348633078509,2.1085738557279818e-6,0.005102353373263767,TRUE,Down,TRUE_Down,Transplant,NA,NA,NA,NA
NW_026262712.1,18304972,1,18304973,2,*,NA,NW_026262712.1-18304972,interg,-4.0796629745451405,3.142449184543491,20.73509321278746,5.274053588037244e-6,0.008878066642088607,TRUE,Down,TRUE_Down,Transplant,NA,NA,NA,NA
NW_026262712.1,18304975,1,18304976,2,*,NA,NW_026262712.1-18304975,interg,-3.910559764766303,3.139054858769949,18.670895336412578,1.553355405130217e-5,0.020047087073475536,TRUE,Down,TRUE_Down,Transplant,NA,NA,NA,NA
NW_026262712.1,18304981,1,18304982,2,*,NA,NW_026262712.1-18304981,interg,-3.889142670227128,3.142449184543491,18.68041330990873,1.5456205837045748e-5,0.020047087073475536,TRUE,Down,TRUE_Down,Transplant,NA,NA,NA,NA
NW_026262712.1,18305002,1,18305003,2,*,NA,NW_026262712.1-18305002,interg,-3.4916860834731693,3.1505373590638746,15.62174905841804,7.735967537418235e-5,0.048308621797777715,TRUE,Down,TRUE_Down,Transplant,NA,NA,NA,NA
NW_026262712.1,18305021,1,18305022,2,*,NA,NW_026262712.1-18305021,interg,-4.027015396276634,3.142177240571123,19.497789072432433,1.0071618858971749e-5,0.013983715211233434,TRUE,Down,TRUE_Down,Transplant,NA,NA,NA,NA
NW_026262712.1,18305025,1,18305026,2,*,NA,NW_026262712.1-18305025,interg,-3.6829070278902623,3.1505373590638746,17.43253176348138,2.9768729583646288e-5,0.026803625657907754,TRUE,Down,TRUE_Down,Transplant,NA,NA,NA,NA
NW_026262712.1,70722351,1,70722352,2,*,NA,NW_026262712.1-70722351,interg,-3.761840443315308,2.9802062569693426,20.735819364008417,5.2720540336596755e-6,0.008878066642088607,TRUE,Down,TRUE_Down,Transplant,NA,NA,NA,NA
NW_026262712.1,70722400,1,70722401,2,*,NA,NW_026262712.1-70722400,interg,-4.0899973597086134,2.9802062569693426,25.45411324824834,4.5303073321828117e-7,0.0023386654530682923,TRUE,Down,TRUE_Down,Transplant,NA,NA,NA,NA
NW_026262712.1,110407584,1,110407585,2,*,LOC127704636,NW_026262712.1-110407584,exon,5.386137980266543,2.56055029493048,25.541207359233816,4.3303491085011e-7,0.0023386654530682923,TRUE,Up,TRUE_Up,Transplant,uncharacterized LOC127704636,110397007,110417613,GO:0003824;GO:0051536
NW_026262712.1,112293462,1,112293463,2,*,LOC127705932,NW_026262712.1-112293462,intron,-3.5769239355319393,3.069075665143381,16.26946892727182,5.4942127192144326e-5,0.03731919892102196,TRUE,Down,TRUE_Down,Transplant,SPRY domain-containing protein 3-like,112289308,112317510,GO:0005515
NW_026262712.1,112294221,1,112294222,2,*,LOC127705932,NW_026262712.1-112294221,intron,4.200829404868732,3.5695591965517197,23.285276998022248,1.3966504533119693e-6,0.003635405670042897,TRUE,Up,TRUE_Up,Transplant,SPRY domain-containing protein 3-like,112289308,112317510,GO:0005515
NW_026262723.1,20282892,1,20282893,2,*,NA,NW_026262723.1-20282892,interg,-4.556737361541146,3.884748732359908,16.310342142416573,5.376968857934365e-5,0.037175018441543715,TRUE,Down,TRUE_Down,Transplant,NA,NA,NA,NA
NW_026262723.1,50139277,1,50139278,2,*,LOC127709697,NW_026262723.1-50139277,intron,4.313167886263179,2.7838262924424724,16.557487969563866,4.719725060311481e-5,0.033529100029372406,TRUE,Up,TRUE_Up,Transplant,probable E3 ubiquitin-protein ligase HERC4,50071211,50499491,GO:0006511;GO:0016567;GO:0061630
NW_026262723.1,50139298,1,50139299,2,*,LOC127709697,NW_026262723.1-50139298,intron,4.313167886263179,2.7838262924424724,16.557487969563866,4.719725060311481e-5,0.033529100029372406,TRUE,Up,TRUE_Up,Transplant,probable E3 ubiquitin-protein ligase HERC4,50071211,50499491,GO:0006511;GO:0016567;GO:0061630
NW_026262723.1,50139301,1,50139302,2,*,LOC127709697,NW_026262723.1-50139301,intron,4.313167886263179,2.7838262924424724,16.557487969563866,4.719725060311481e-5,0.033529100029372406,TRUE,Up,TRUE_Up,Transplant,probable E3 ubiquitin-protein ligase HERC4,50071211,50499491,GO:0006511;GO:0016567;GO:0061630
NW_026262723.1,59281828,1,59281829,2,*,LOC127707607,NW_026262723.1-59281828,intron,-4.255666717989168,3.5206102917499718,17.78717730649474,2.47042561839657e-5,0.024301455143235527,TRUE,Down,TRUE_Down,Transplant,nuclear factor NF-kappa-B p105 subunit-like,59243679,59322777,GO:0000978;GO:0000981;GO:0005515;GO:0005737;GO:0006357;GO:0006954;GO:0007249;GO:0033554;GO:0034097;GO:0038061;GO:0045087
NW_026262723.1,95955446,1,95955447,2,*,LOC127708856,NW_026262723.1-95955446,intron,-4.431766880615403,3.1391182338147647,17.836744231649202,2.406901227391799e-5,0.024301455143235527,TRUE,Down,TRUE_Down,Transplant,calcium/calmodulin-dependent protein kinase type II delta chain-like,95898055,96024116,GO:0004683;GO:0005516;GO:0005524;GO:0005737;GO:0006468;GO:0043005
NW_026262729.1,219751,1,219752,2,*,NA,NW_026262729.1-219751,interg,-4.5564081434848065,3.750196841903483,16.85503937407109,4.034606017571122e-5,0.032074685252550875,TRUE,Down,TRUE_Down,Transplant,NA,NA,NA,NA
NW_026262729.1,219786,1,219787,2,*,NA,NW_026262729.1-219786,interg,-4.544120181658334,3.7450349747416696,16.834409789347042,4.078700606774884e-5,0.032074685252550875,TRUE,Down,TRUE_Down,Transplant,NA,NA,NA,NA
NW_026262729.1,219845,1,219846,2,*,NA,NW_026262729.1-219845,interg,-4.542751522918276,3.7399729717731987,16.824166543655046,4.100774646799257e-5,0.032074685252550875,TRUE,Down,TRUE_Down,Transplant,NA,NA,NA,NA
NW_026262734.1,14973427,1,14973428,2,*,LOC127712505,NW_026262734.1-14973427,intron,-5.252531116343999,2.6406523578196293,25.645868076670784,4.101728085754116e-7,0.0023386654530682923,TRUE,Down,TRUE_Down,Transplant,uncharacterized LOC127712505,14908535,15060352,GO:0005524;GO:0005886;GO:0016887;GO:0140359
NW_026262734.1,14973445,1,14973446,2,*,LOC127712505,NW_026262734.1-14973445,intron,-5.264231759790766,2.654619556190705,25.695401167026898,3.997785929803774e-7,0.0023386654530682923,TRUE,Down,TRUE_Down,Transplant,uncharacterized LOC127712505,14908535,15060352,GO:0005524;GO:0005886;GO:0016887;GO:0140359
NW_026262734.1,14973485,1,14973486,2,*,LOC127712505,NW_026262734.1-14973485,intron,-3.9823478619953923,3.1114513852957653,25.627212280912826,4.141574741202445e-7,0.0023386654530682923,TRUE,Down,TRUE_Down,Transplant,uncharacterized LOC127712505,14908535,15060352,GO:0005524;GO:0005886;GO:0016887;GO:0140359
NW_026262734.1,106454300,1,106454301,2,*,NA,NW_026262734.1-106454300,interg,4.654878745328656,2.684159635877284,17.34494055517311,3.117270511115354e-5,0.027141526702191884,TRUE,Up,TRUE_Up,Transplant,NA,NA,NA,NA
NW_026262734.1,106454339,1,106454340,2,*,NA,NW_026262734.1-106454339,interg,4.587067934699125,2.684159635877284,16.946962557369275,3.843877194158333e-5,0.03159270784986498,TRUE,Up,TRUE_Up,Transplant,NA,NA,NA,NA
NW_026262734.1,106454363,1,106454364,2,*,NA,NW_026262734.1-106454363,interg,4.654878745328656,2.684159635877284,17.34494055517311,3.117270511115354e-5,0.027141526702191884,TRUE,Up,TRUE_Up,Transplant,NA,NA,NA,NA
NW_026262745.1,10962684,1,10962685,2,*,NA,NW_026262745.1-10962684,interg,3.13063180811889,2.5009917500750207,21.28954521750399,3.948792693906287e-6,0.007457824718535108,TRUE,Up,TRUE_Up,Transplant,NA,NA,NA,NA
NW_026262745.1,23957050,1,23957051,2,*,NA,NW_026262745.1-23957050,interg,4.626111327338265,3.011403078044486,23.827929125442573,1.0534282310701449e-6,0.003137352370949446,TRUE,Up,TRUE_Up,Transplant,NA,NA,NA,NA
NW_026262745.1,48723578,1,48723579,2,*,NA,NW_026262745.1-48723578,interg,-3.751467257491608,2.590982322122949,17.973057424509292,2.2405383534976767e-5,0.023637661356856937,TRUE,Down,TRUE_Down,Transplant,NA,NA,NA,NA
NW_026262745.1,48723596,1,48723597,2,*,NA,NW_026262745.1-48723596,interg,-3.751467257491608,2.590982322122949,17.973057424509292,2.2405383534976767e-5,0.023637661356856937,TRUE,Down,TRUE_Down,Transplant,NA,NA,NA,NA
NW_026262745.1,48723612,1,48723613,2,*,NA,NW_026262745.1-48723612,interg,-3.751467257491608,2.590982322122949,17.973057424509292,2.2405383534976767e-5,0.023637661356856937,TRUE,Down,TRUE_Down,Transplant,NA,NA,NA,NA
NW_026262745.1,48723632,1,48723633,2,*,NA,NW_026262745.1-48723632,interg,-3.751467257491608,2.590982322122949,17.973057424509292,2.2405383534976767e-5,0.023637661356856937,TRUE,Down,TRUE_Down,Transplant,NA,NA,NA,NA
NW_026262745.1,48723637,1,48723638,2,*,NA,NW_026262745.1-48723637,interg,-3.751467257491608,2.590982322122949,17.973057424509292,2.2405383534976767e-5,0.023637661356856937,TRUE,Down,TRUE_Down,Transplant,NA,NA,NA,NA
NW_026262581.1,131136736,1,131136737,2,*,NA,NW_026262581.1-131136736,interg,-4.482561048807824,2.9056751192123804,15.626430587739865,7.716839405170342e-5,0.048308621797777715,TRUE,Down,TRUE_Down,Transplant,NA,NA,NA,NA
NW_026262604.1,10547895,1,10547896,2,*,LOC127721349,NW_026262604.1-10547895,intron,-2.2715481615295645,3.558932911691038,16.931185871717176,3.875955324195022e-5,0.03159270784986498,TRUE,Down,TRUE_Down,Transplant,lithostathine-2-like,10505161,10684032,NA
NW_026262604.1,10547936,1,10547937,2,*,LOC127721349,NW_026262604.1-10547936,intron,-2.2752270607101672,3.5788360616850574,17.013550386203452,3.711400468988678e-5,0.030901998270502076,TRUE,Down,TRUE_Down,Transplant,lithostathine-2-like,10505161,10684032,NA
NW_026262701.1,9114506,1,9114507,2,*,LOC127703176,NW_026262701.1-9114506,intron,4.412903870528663,2.788576243464551,16.75726944375408,4.247920324347358e-5,0.032893346239551334,TRUE,Up,TRUE_Up,Transplant,TOX high mobility group box family member 4-like,9102497,9157361,GO:0005634;GO:0006357;GO:0031490
NW_026262724.1,548433,1,548434,2,*,LOC127710315,NW_026262724.1-548433,intron,-4.244061431365335,2.9533017566734423,16.27444891507082,5.479791314407634e-5,0.03731919892102196,TRUE,Down,TRUE_Down,Transplant,uncharacterized LOC127710315,115244,759376,NA
