"","PC1","PC2","PC3","PC4","PC5","PC6","PC7","PC8","PC9","PC10","PC11","PC12","PC13","PC14","PC15","PC16","PC17","PC18","PC19","PC20","PC21","PC22","PC23","PC24","PC25","PC26","PC27","PC28","PC29","PC30","PC31","PC32","PC33","PC34","PC35","PC36","PC37","PC38","PC39","PC40"
"X12O.F_S66.Me",-79.8351653841884,57.4653001226695,-53.5599031728321,43.0898954262386,-11.1565018966095,34.9063694990727,1.72173077767662,-18.7411470036494,-11.7134665312379,52.1217946837906,-105.124149078825,87.1024637122701,-102.329082192037,-110.689083209872,77.2890043803029,2.98922858631425,45.7561749906142,36.1188818414839,36.1511536026728,-40.4245796548731,-50.820274866307,-110.530804536529,-254.731927142353,60.2010556080586,107.742719957116,46.7179929299293,69.5815945388173,-99.7153150129,40.7104941542893,-5.61752683089134,-0.0928051801042457,2.73986948756758,1.52552711524004,1.05933241010713,4.74306214416427,-2.9127795913451,-0.514628479206361,0.234435766960123,-2.86414741839087,-2.39080118007683e-12
"X14B.G_S25.Me",-55.6756338321806,27.3731121414574,-57.2283105884514,17.7880974862372,-1.02373322934623,32.8814451011286,8.52298418126808,23.8123441743628,-18.8169353165938,35.6801919032754,-57.5503814047548,82.4666581221948,-94.9974769926017,-110.042816383867,132.694217476869,-100.320547494216,19.9860141545992,-18.3901911728229,204.023391379946,-59.582435276287,121.446948516753,129.11048593782,84.1708811841594,-77.5780914137918,-116.345824036936,-84.1951871657773,56.8504950661879,-25.4432414815227,14.5705257909585,-0.212496759664902,2.52614622831274,6.31123856525115,-0.706372817294662,-0.455571552193657,-2.18905632567696,-6.89444642439158,-1.57356446483646,-0.476373956597566,-1.98519127407536,4.00895062860427e-12
"X15G.F_S52.Me",-104.833273242635,37.9235262578582,-49.7619096190263,18.3745980028477,-73.3555249448537,75.9103692103473,-16.6030399341608,253.209242596041,-190.849101848783,56.8697211200442,115.289973889989,-68.8891324963123,55.9139776610076,6.21905103718401,-5.03786644122054,18.738250294082,-5.76821653139967,7.34238829321549,-6.81441250170869,-3.99610716247352,4.81358630299828,-2.29238112813134,-3.1750796789277,4.69493778020429,8.21794413462814,2.96803089947927,9.72049823854938,-26.0783203664706,19.466829513111,206.379927746449,-40.3080554760825,-16.8192833037054,16.327930492905,3.2594354802179,-6.22539528715225,-1.89635371484881,3.59707851968006,0.133685043358483,2.42785111120918,4.75622823460989e-13
"X15G.G_S24.Me",-110.932906739126,63.8614647232836,-44.3336163307303,14.2509559797858,-67.1322623517095,73.7893050618587,-37.5295885852101,252.884948449088,-161.925142384173,44.46299563894,73.7503459735023,-43.3189067216059,49.6586325215109,12.253842125921,4.14608024949741,-3.53345423099896,4.43217335930951,-19.8965857904043,-16.5391341879681,17.1278430374629,-7.92755141948163,-9.59587456728162,4.75843656925338,14.9500931914345,-3.85305480044159,8.35647948676359,-2.45656186595151,9.55092677671663,-14.3006806858364,-224.073274643954,43.2012977463961,11.3234277313816,-15.3828384772973,-3.38514937115384,7.9336182591428,2.9288402273143,-5.14566029732047,0.910873971628601,-2.95690252678151,2.91139318599545e-14
"X18W.G_S41.Me",88.6018634969124,-92.1864128719297,-62.3760318321726,34.8325017176724,-21.0764957279786,15.8781630532915,71.2273024725318,-96.5381990117619,-66.7180516271745,50.89778358719,322.639451498539,291.279996462292,-94.2017161368695,30.1784873910568,-1.3043206625267,22.499108231379,-22.6597383691462,-11.5779014325044,-47.0133040039275,-29.0390366616377,1.90249322705952,-3.11275386271037,1.26424005046051,-3.2301615434007,-9.71178959381105,33.8338580804249,-16.5724145391494,16.0331791553821,-5.3161784767205,-9.83208483106962,-3.9457197618481,-4.2261381237213,2.60559176169659,-3.64743711144944,-1.09325887266343,-0.3532337578932,1.28594653850009,1.68728531465708,1.24225070117424,-1.10209912485178e-12
"X21B.G_S7.Me",-60.6764870896553,47.3795043757486,-21.4458554499699,28.3663099165819,-33.8467211222388,24.7731914791744,-0.60188393799718,9.76347432461159,13.7263379611476,24.364420450167,-93.1390677209886,38.4283837232402,-34.1881167657552,1.2167205394297,37.151265823792,-38.5181407559082,-52.2871474130994,-15.3655289877002,2.09158252677937,8.68640184648516,-28.9924061234078,9.20870228617889,-51.2915687389818,-29.9210377510739,2.92453404332689,57.4840761823275,-124.312477322502,296.735850179046,139.05017687743,18.7040498586242,3.28909556636367,5.31843381742899,-2.61091871408773,1.95137631086592,3.50486791395629,-1.56873429868977,1.16846303854904,-1.55739236122718,0.381455368339963,-6.18454411489312e-13
"X29W.G_S76.Me",55.5239856621157,-22.8960339885391,-27.7750675898319,-0.118045214852579,-13.1318496959635,4.90581393439346,38.7844873399101,-33.0349172368468,5.90000665573682,1.42952812434253,19.8227012142131,-57.6258974323851,29.1367935200148,180.830446500691,99.7876725448477,-291.428471111011,112.425734449008,178.182023449371,-68.4165202895487,-4.72990800552979,16.2776236363008,-3.56866398515663,-26.7086957590234,-38.2747902244447,23.1753153582923,11.0244178976815,-28.9239130032097,-24.756361304392,-15.0890942555054,0.458840971809095,-2.32159522112459,1.08091075879364,1.29520041085709,-2.93347758975827,-0.191741226906309,-0.441432788332551,0.134751806467611,-1.3968796275382,-0.65050102728438,-4.24151545049684e-13
"X29Y.F_S74.Me",-50.3917398091945,68.3033333422339,48.9300765369154,10.50394152592,-42.1816413082342,-10.714882854218,18.8575026039718,89.5237491332974,301.760330473764,78.98662233087,95.3393976195383,-1.15673800984628,35.2755735379601,-12.38266146972,-2.86685998786648,13.9449422626503,8.13864830754593,13.1753544561166,5.67403381220918,2.45499035162925,-0.397947302102507,-2.40238567456603,-1.28173920814198,-3.45850606569971,-3.80009506736971,-1.28359583871726,5.49300356900513,-13.7570582867306,0.747099688900404,37.3559131169786,198.314115793422,-73.0137366679013,22.9097963112609,5.55625562938955,1.21545618849421,-4.5349438072182,7.03251645689757,4.11302630263962,1.7741407698065,-5.61072699802392e-13
"X29Y.G_S68.Me",-62.4517649700164,77.8641218214117,61.6693196283645,10.4448443555906,-31.2641304479829,-7.45973265841112,2.67645385738156,115.585403610399,324.72911132672,75.7239906771564,90.3448398720134,10.1492842481877,31.3910203718228,-10.9545768768192,1.45302526578097,9.32501895724585,12.5921318382134,-3.20191701659011,-4.1480280349348,7.13532548089732,-9.62999475665099,-3.613338840546,-0.443736862508093,-10.2236089895318,-6.28198917283091,-7.30666899384725,3.37951627854583,-7.99054315256878,-5.18052638265273,-27.9784997649623,-185.576002151888,68.4778384249277,-24.1906622763654,-4.4261854612593,0.618094582151139,1.91632082334024,-7.49706370149477,-1.63687150947324,-2.20655330989635,-1.93515722109877e-14
"X2B.G_S17.Me",79.2387507436574,-41.764811434137,-17.3436838120209,7.4936510358347,-28.4729254542298,14.6035644228311,59.054797539585,-96.2613029587773,-15.8231480895999,-3.98595861066224,59.1892309667485,-91.5845895378981,130.003131632331,-36.5334311717489,79.5490502096983,0.898185818417082,27.6104776581542,-136.980785492697,21.3881419358587,27.5092997464495,-161.105762080569,159.724596423602,-38.9087139765052,-150.385857922924,111.784720402073,57.1767444974346,120.963417030928,20.2834441489043,-11.3748658495635,-6.76220387031079,-3.23058494647251,-7.62576581656163,4.9395387212419,0.729440933236051,-1.96116830941645,-0.297174000605233,0.215685083977575,1.46907880612048,0.44992245508921,4.35904716727768e-13
"X38B.F_S42.Me",52.4141172940009,-12.8442529080587,-12.3656424544684,2.68370579999824,-28.8057123616953,-23.160298114353,25.6485895155978,-32.5502647772127,12.8102516793325,-15.4883436224917,111.393669756875,-284.07496476635,-346.525595311404,-1.94976605257664,-32.1643488969919,27.1514709606639,29.8006731458087,-42.7920943767833,10.2870400456386,-7.75164477503287,9.53204479900511,-12.9414613779432,5.48975082544072,-15.6717268669913,6.97189654832336,23.5016953916324,-27.7397658596875,2.92357394837701,2.16266398928541,-9.97569095459767,-3.42792067268105,-3.69063368687882,1.66374261251902,-0.820405217901748,-0.611161106364439,-0.0932017245381262,0.221614673889408,0.378041164626971,-0.230344278504267,-8.62340851937732e-13
"X40Y.F_S84.Me",-70.4157752640995,-115.52060147092,313.830012327809,-137.042412861631,-74.660944811245,24.5151707445478,80.5817476216412,-29.2643240930895,-56.702632019394,70.3187740803779,-31.4306941150248,13.0375569825139,-8.38254431354319,-2.26771378659414,7.57522547608518,10.0591298006098,10.3651436146144,-2.54920045975478,-0.444919183924817,7.39110348733045,8.9955845759001,-3.78467650000563,10.3339794600302,11.8201671433037,6.84620170875917,-5.02452494425491,-3.69794934651525,-7.6266301482531,1.77493120421792,-1.49657973960174,4.50095230122997,2.04715554141853,-1.75065915821566,1.05982571297216,3.77667257802239,4.76078615141908,3.44458669903561,-170.218339146283,-4.05466078686206,-6.32174949324535e-13
"X40Y.G_S63.Me",-70.1336105076982,-115.912535241839,324.481279509603,-139.664060305472,-73.541774759635,25.6587328668681,76.1985402962284,-27.9364349354521,-59.756810318834,67.8907452935881,-40.0933193698355,14.4746277363648,-10.3938278114231,-1.93670716259348,2.72993865256831,-0.535892714836295,10.5698950292709,-5.81958481872849,-1.97483573074675,6.03948525195534,10.9933871251955,-4.86112179798893,6.95267561678912,12.4272424322754,4.29039839053416,-6.70625198948538,-5.1088568245204,-3.80189469032583,0.809632586554662,-3.37852550720297,-6.44618521628595,-7.38117029909961,0.603263251343693,1.83673236690363,-9.47208560300724,-5.29041512444641,-6.66567990901736,166.332747101381,2.09152260443133,-3.28058015323408e-13
"X45G.F_S32.Me",-166.712457590768,95.0109760662837,5.55392435323299,-54.6414023936671,-32.1212255249583,-83.9975896663883,-240.476159198451,-161.487325761139,-29.9373954192444,-5.72237129697838,57.0778794526415,-13.3251079148791,31.5829728863359,12.4955057357681,-17.3645319915816,-2.34420257431367,4.82576679370778,1.76754172000588,12.6337030214568,4.36233401600432,10.8509610042121,1.76752633586751,2.01481520333141,-0.589655732499294,-2.07017339471905,-6.85284446502039,-4.50796316814156,-9.99891000868408,3.0069029660424,-3.72648587889581,-3.77105229091018,-1.03184275368665,3.86829536204619,-3.96254747724541,-2.84468728550308,-1.35793709760041,1.84748829420937,-3.8484324438762,162.777343365678,-9.14107223075333e-13
"X45G.G_S69.Me",-173.256095584262,97.8515860751212,2.6069457414477,-60.8663543498281,-36.1736978469833,-93.3269855992676,-264.034591862245,-183.076935651236,-33.962777188444,-2.76440021937935,75.2674327227139,-21.2140086809226,43.020537382841,15.1214602025211,-21.0215241554442,0.13651851858676,0.277212187923719,2.20446988845424,12.6256968120311,2.94476509441026,14.5619906325848,0.468584879563815,3.19716600722343,-0.62302266504737,-4.66080009374974,-7.36242359418215,-3.85596305938418,-8.8666173071369,11.2462835030376,6.28796819350418,3.41685825542242,5.22677493122598,-5.26458738647872,5.59043464994963,3.72589150255456,2.13742245071914,-2.49194863041715,3.40888604666988,-147.736347764636,-1.35944848314671e-12
"X47W.F_S82.Me",-120.909566588741,-131.334329967004,-165.026920863644,-266.630500319355,199.374527975496,-32.9528844587507,77.4201867326217,22.3087085291631,29.0549450714212,-15.9196206862283,0.931077831946357,-12.5273969461088,11.4931686108215,0.164702675982488,7.753438288536,17.4903578370417,-20.8283859274857,5.60729055993457,0.836009975614933,1.17594580293817,-4.03142241452478,-10.2335053863646,1.95304583210233,3.03221961360314,0.823358838191717,-3.59995883048093,0.657085287874746,3.4061242507404,-1.27675554149678,7.03877234093069,2.90939560113353,3.49029947161448,-11.7327607381576,26.7969867909442,125.348204429955,127.862561537149,3.13380569283531,7.82583349617329,3.64145165549249,-4.06905818718314e-13
"X47W.G_S80.Me",-114.667195880581,-109.595575686711,-158.349939411244,-236.937044449434,182.557298435886,-28.2661715350856,64.9990625013899,22.1447755139655,29.1118774899223,-19.8209030646626,-10.9998774780349,-8.79942221903622,11.5723400513898,3.26687564701536,-7.2307182698054,13.9276252363638,-19.6542467118045,-2.2851960547962,-13.773974131851,1.80421514595608,-4.31385907913167,-14.1663873408229,1.73585230695952,8.94092671593383,6.44788515725401,-0.690024555863807,0.364119644615474,7.09430389908256,-4.61452736021221,-10.1521817178793,-3.40713759954427,-5.70406894704276,13.146411702204,-24.2224909714777,-140.448948463376,-137.890369448163,-4.76032490579078,-7.21092022589335,-4.25136654414204,6.21540308370222e-13
"X50B.G_S83.Me",85.4371139893142,-38.6331585053569,-48.5931255644497,56.7144299611522,-25.6163844229032,35.0363665470644,60.6093750389355,-80.524513476891,7.36805140348212,-13.5344443077025,55.9276400934433,-51.6449363413455,96.4522600407076,12.3407579274379,79.0583257048961,-42.7055861933771,7.66230960451471,-88.0695361026165,196.313939235309,88.1064087485861,-25.3415941367135,-119.987759018766,87.7202430429899,216.404942176364,78.9845101768643,-55.0366763427251,-61.5436579321854,10.4370280523784,8.71154185980022,2.48329524699165,-6.34008422515401,-2.2211483043373,0.0686739895893212,-0.547925557873736,-1.7829310294114,0.428202125770379,-0.797504380119849,0.881618728678504,0.835521646934495,-2.7544030187373e-12
"X51B.G_S18.Me",56.2867983328476,-13.2477868208364,-41.9644514900725,33.4859123889297,-41.7544542787396,25.3792893861873,53.6847380777392,-56.1729349778542,-0.80045900530534,10.0738676321102,-14.6369766712338,-47.7811816878793,107.957449431367,-64.9695807797005,-67.1649952051064,-20.8442327058398,-2.04375720731978,-107.202882795027,-63.3637142393049,-192.668766454328,178.741336029132,-151.530878385395,-7.29196289474478,-123.802701526281,95.1044738368631,-90.8016633940907,-31.7210533434309,24.9899429474916,-23.8965652578507,-7.84969671389427,-2.21572871631262,-2.51773072462852,3.35186623759465,-0.13140399514172,4.25724582560619,1.42019547767123,-1.53591060963876,-1.12812473923182,1.13872085188088,-1.74607566903393e-12
"X55B.F_S4.Me",227.675547822322,-151.593321604029,-4.65248644933528,-65.7396412945971,23.9827845371833,137.60018056142,-248.625260173293,58.9792748738234,36.6804019621175,46.7099747257513,-47.8786651024206,10.7574533528287,-4.98635174285293,-13.6752104007018,-19.5262497559517,11.1915458114419,8.85218513470751,4.89606731888605,4.34053453775644,-2.3501531178887,0.795037759344194,4.15877923616478,-2.62505427662349,4.91665167947606,-0.529455400819626,15.9205759055003,5.47452741791468,0.392826217846213,5.14475457628893,14.0338007791646,13.1526988361341,2.25433018844484,-51.0295667472572,-182.906651206744,16.0706759089483,11.5122756768023,6.12236255233205,0.945953838408572,-1.49716011606573,-3.7820700076515e-13
"X55B.G_S40.Me",216.730354151315,-133.886557521896,-6.7287269674599,-46.4913616706474,22.8584072249022,128.732727590853,-234.847102575677,56.1418079209208,35.0758490546321,44.3874692535684,-49.9384022847984,18.0483619536164,-11.043931466977,-7.25182963329784,-18.2600272289141,6.76214722053248,8.70391884939375,6.05689210196659,-2.37788961330836,-3.54816206321562,-2.10406696548086,4.92159675888311,5.01082873529983,8.70573025369512,-0.96002306092371,13.4594058950587,2.75569538025847,2.05011777769322,-4.55535049824495,-8.72400622430564,-10.4404531349501,-5.28449173871701,51.0073913484153,196.134916892782,-18.0961673130533,-10.1506459961765,-7.32528203708886,-2.8823921053606,2.30035412048938,-1.51824910879072e-12
"X55Y.F_S61.Me",-52.4529665781422,-29.8019568859623,46.7761612212617,29.0016171236718,-35.5295274559683,132.827600002602,8.32486922946922,12.3954657566406,30.5343943327004,-320.177665329783,25.3909731234547,20.0939349246802,1.21533877285308,-4.96844097332246,5.19274966457598,28.0920374100707,3.64381417342398,19.4150110159547,-6.26889045870653,-7.01892163505622,-3.79176824331424,-3.25836057464663,-0.285604766757242,-11.6803227903604,-0.677654616522606,4.33727790438936,0.491592718569356,-12.9890181248316,-2.04556284661756,32.3794511367,72.9143761934124,191.655412071301,-14.5098249972562,11.5801278622241,-15.362952127986,4.42384869452483,-2.91089896015179,4.6856483996211,2.85949600220775,7.05152817105474e-12
"X55Y.G_S10.Me",-71.7308889129814,-11.1044107798127,46.416178820997,35.6542909335551,-26.5186547999327,127.596990594095,-8.76032160848754,20.3500653784845,42.6694292878062,-337.294882881486,-5.24269000339504,39.7826927784792,-6.75107887326898,2.54982250552153,4.15011946054168,17.8221030692152,9.63090055330655,11.948795256886,-4.51870193899961,-5.29034827104966,5.447260036421,7.88873300548169,-6.07463188462626,-2.98310303303282,-10.3610714400433,2.69522523973364,-7.25486981590829,-4.04260413784201,-5.44385435082633,-24.3201688974386,-66.1947350912534,-185.782788389199,12.0839915736513,-10.5741403504275,16.3159549750163,-1.95523694715814,1.39926669977469,-5.0674071792097,-5.3457639329825,-1.45538271646879e-12
"X56Y.G_S53.Me",-18.6175094343396,16.9773949630536,-31.6056822688637,26.0401017487729,-13.5651864629512,6.99199493576678,59.6813760158751,-1.73412761140301,-2.8638088895715,-5.49821354242698,-51.7254497057995,53.4410539905766,-15.0989132684043,-29.6766908946222,-346.243136652875,-198.797252919267,18.6429537059571,-86.0206502520953,33.3553209192489,66.722490002987,-39.0350414287829,29.6772411119638,-14.1948353702441,29.493176101513,-34.3864731596212,21.1623836953791,52.637765126039,-23.2442899675498,24.7513763482403,7.17939666871457,1.38615478921398,4.88914900678603,0.659441317861221,0.13928540017279,5.79496932398225,2.94457955902559,1.7173077590508,-2.73138961146852,-0.921288608730841,-6.31701559550973e-13
"X61W.F_S38.Me",59.3600214138463,-49.0446739654935,-57.0937361265569,44.6469977085547,-51.8283118984047,37.8645024325929,75.8761216082356,-113.66350633407,-20.064206042155,27.2517945146229,45.1803397869946,-104.371122972122,100.245140717941,-263.90992128424,-0.911201851857238,8.09816489842038,-40.3525580819365,134.188645306594,-98.7195716783345,88.7293309144935,20.412976288751,56.612463112343,-64.9891483936211,45.2925873072079,-133.016177554171,-28.4294065381408,-84.9359998032882,-11.8424312143649,-11.3665640363646,-12.0245028016082,-8.20044049726206,-1.93343887566177,5.25046561281456,-0.829546673731627,-1.19914767811847,-0.259789654950448,2.99213117504245,0.67935279251582,1.18821346125713,-1.75565882361631e-12
"X67B.F_S20.Me",194.946581564116,308.854287087308,96.1737495536294,-119.751682816458,164.418446121164,33.1972910993561,47.8271429167415,-5.47170615624929,-54.9368661576159,-24.513712906445,22.3438007426634,5.49001796453153,10.586207812244,3.91623189133427,-4.02151392574923,19.7811400617696,-22.7137689701948,17.4444775733601,-0.164378938328827,4.87568301383113,8.11902804323882,6.77183221461023,-2.63723604155281,7.32521340499818,-0.120238157436677,-12.8478477399213,4.04695357706946,-2.923853586748,11.9805519291453,5.16074208489318,0.920945454680157,13.8677169602439,8.05240672155785,2.26947724021658,124.954466560753,-122.827747124796,-1.81226320621804,0.72226191318124,0.790069614682828,-1.32889257866038e-11
"X67B.G_S8.Me",159.265178030255,284.107854666774,71.4677895590463,-91.0879223798526,134.696451038718,26.8214520962293,42.5420494670465,-4.33715669830215,-43.2526140612677,-15.4246578648076,1.39395068223968,14.9921053153584,3.1186049193157,-3.06948230794473,-0.59476921860433,15.383505297353,-4.65150830836232,9.51891222004465,-4.35147851170886,0.37486743463892,8.03558445728791,2.23993494294114,-0.105696579026248,6.90168844083052,-3.9568878955521,-0.957895389459965,2.17329255884621,1.44142369353343,2.77093827712909,-1.41519039963784,-0.513007393434314,-15.2905531060311,-9.99894232552053,-3.64421261164174,-143.87169772481,143.41645784255,3.78204763297885,-1.53918277209464,-1.68300182420715,-6.58395939764217e-12
"X67W.G_S86.Me",-13.0815741298158,25.6797612398458,-53.9365816300731,42.2206336515726,-31.9764484397477,-1.16397638542578,-11.3877159476254,-8.7305314040748,13.5559975534425,10.4783483265448,-93.3645351984469,46.8680094942585,-73.0832660912694,49.5298271687642,100.768630378061,-7.03201150914989,-24.8915689097878,-143.789253504091,-222.732292092264,197.232901248473,63.6424101522672,-4.58640324759312,28.9961882417886,21.6566467975094,3.30648194052303,-140.324625519457,81.422421567086,-25.5184008126912,42.4036489975554,15.0868337458664,6.25731024642598,1.84410853709209,-0.271778262511173,-1.25919583799132,4.61590331230182,1.70025642838835,0.604253160295819,-0.0433814651363275,-0.838173269375455,7.57375533003233e-13
"X6O.F_S6.Me",-30.7923171106797,50.7552186667604,-57.0635510678311,37.6200537322515,-19.5580937620153,12.550618022498,32.4031765074024,-29.5430588242733,8.80653340265006,35.8957536645468,-119.064590230975,31.5360213964093,10.7924736820287,-10.338953085058,41.8651706824482,17.4891442840638,2.59505864985788,-80.4694618908534,-54.3652413749962,-1.4191097748708,41.2548195208772,21.2942071690257,135.067565612102,-15.3276888443609,11.2342196413025,257.128066216802,-151.608421092092,-144.961017853185,10.0229988336853,5.38487698533453,-0.649582827633244,2.74905075753121,-1.7298297170129,-1.03806882207224,7.54620808560088,-3.71952638439706,-0.722722447949298,1.34350618576176,-1.28923354610065,3.37385230430448e-13
"X6W.F_S50.Me",17.9331593740548,-27.4858829605576,-31.8919650171061,64.3228908302472,-35.9011661946153,16.7679389866316,41.6979864600343,-21.0941644343821,0.1929395088974,35.7484967517648,-48.1281884932167,-1.68059063730609,2.80768982930142,152.683317954422,-63.1565140401366,85.0175502237603,-219.769620658339,82.7478844301564,130.569179153242,124.885067174835,67.0397760439503,36.9767938657263,-93.608068917249,-125.675406835157,62.4942356226347,-47.9300705282837,-75.5142156797491,-72.7565584063944,-19.9144690468039,-14.0534560025208,-3.47791176537091,0.605961156182066,0.791295131892577,-0.329757845081474,-4.95641304893889,3.15682979825264,1.91108670532411,1.05228910840281,-0.274480391921748,4.47934813969496e-12
"X72Y.F_S28.Me",4.89150283732524,-1.3624245521942,-38.1445572665072,55.4901484729395,-49.7970881639923,5.24760252576203,49.592381324135,-59.3737302769601,-2.45747985010168,23.0572764637429,-36.9741660106064,-30.4665054499198,18.2685171437737,7.79295465573658,-17.2279127183088,62.6667618518652,-45.3263133748817,139.342876716045,15.0795918169839,45.4879055568182,86.4795102951596,-113.409939915154,113.00203130385,-0.703600904888373,-18.0478451958831,143.667351648144,250.024111623942,91.1169985622227,-8.52968999509963,-6.26628591573242,-8.5642874233205,-1.69750434151191,4.53619473379133,-1.89716547153601,3.16274312349056,-0.841479161453579,3.51052350090377,1.50523193799207,0.71691000106548,3.90401151348103e-13
"X75Y.G_S9.Me",1.89039136502959,13.2437989321152,-89.0575215249427,36.5657887200756,-35.7168683488295,14.4376028268819,67.9813434510961,-44.6234719797406,-19.813195039391,46.8015253839193,-73.7805175292275,32.0836274941692,28.0486922249107,87.7060048379796,-74.651422422699,198.200183706587,323.546044778431,40.7914314597473,33.1789287649318,37.7243196951216,17.144020305841,39.804008802131,-9.3564889094924,-20.6888880910858,-30.8083139733607,-57.4956525633012,-41.4552946160759,28.8591129018875,-2.67901078193434,0.757362553465725,-0.808074211019012,3.49343190697435,-1.99705437612151,-0.106055605309533,4.46551631099164,-3.91087989855495,0.0200720426345857,1.71304076663154,-1.11038166852954,2.67276123650829e-13
"X76Y.F_S46.Me",-56.7227338694143,-83.8189552677687,116.480199128122,233.904958340916,274.74630694193,-78.518959183996,-34.5841437466573,27.792535609194,-27.4203245384234,12.2722952558891,8.13263775381674,-13.2594545986812,11.1231132923658,-9.52620072081324,1.88846039906426,2.36112404494892,16.6537573258724,-1.99170424593663,-7.69446507086229,-1.28979588614609,3.46694648852103,0.299729493860276,4.17232299292121,-3.57432807810702,5.2788416166643,-1.19080615453082,-5.27146912018339,4.88146563797834,-5.09601563215528,-5.5479620589435,-2.34405536795681,5.22368879474591,-7.87284575231097,7.10636089441878,-1.4778557631629,-5.64698398039971,179.143354820192,4.12120834332461,-2.24809257004281,7.89489129046682e-12
"X76Y.G_S85.Me",-50.6775147374185,-79.616551913183,107.677734718947,236.947510184943,269.93318603418,-76.6948340554621,-28.7527002372148,20.415916725625,-27.6509391422289,15.4373104916607,9.00887136555143,-14.3028220321623,10.3858090876951,-9.74897495940871,-3.78966897497081,5.13169019200943,10.3206186237165,7.29234589444832,-10.152649700915,1.36582297037807,1.35446457510174,3.46581551390004,5.19530010085288,-2.28365577963789,4.50897592206783,-0.266261746061477,-1.59976153351805,6.41569598234315,-0.765069625147568,6.22965179636482,9.38101304338394,-3.79449492347553,4.01570469733533,-9.41609184848204,2.26477805172183,6.46975960255275,-181.898353953073,-4.75174670894364,1.25733543141466,6.20173237850935e-12
"X81G.F_S79.Me",23.6344645562151,-3.95650998186966,-15.7965304502175,39.4773011401757,-22.6705819911019,9.26812129301351,25.3443831054563,-41.1751522116258,-13.2106470091188,24.8516234294599,-51.4956774993683,-21.5934886059996,21.7563671615519,83.6817621339733,30.5610235077775,21.1354132830614,-53.284249702129,-40.9973137148822,6.55371317821717,-74.2546471336412,-209.601123340491,-167.023976794254,14.4918624972992,-87.6033806768229,-237.716191171731,-44.6103412809095,1.3381323106921,-56.6467996689103,37.9546197213406,1.05150296153635,0.355956977015491,-4.14342095888402,0.0679012726720098,-0.833849273156828,0.228526701608694,-1.57425617556329,0.342336972741156,-0.0859386055852036,0.550447947003871,2.02479005784184e-12
"X86G.F_S75.Me",-45.5715863772184,62.9242825872361,-26.9424054279106,22.6584040779227,-32.9369552963303,-0.499536280334733,-11.0829960112661,3.66411195368108,-7.98939170249522,28.0822565309922,-94.0616777877672,45.7492384481327,-61.3633508180757,-9.52194017721999,17.1612205060024,-19.784292855561,-31.8686987828499,-20.4852510647441,-16.1376708816844,-8.79727802150226,-70.8678050227118,0.952702032290539,-2.58438906716729,30.1884252783539,-2.2419341957272,-6.60041011104268,-30.4369739415979,90.6475421506004,-322.923073998861,34.1305164665698,3.31332575961114,3.36492172423984,-1.44846799938334,-4.62984272955498,8.3098445618153,-2.62575637255466,-0.711118195565159,-0.884824459320431,-3.92996171241807,-1.81965103792162e-12
"X89Y.F_S31.Me",27.07135977542,-22.9019521178667,-24.5221242808422,45.9400255536363,-39.7330094095842,-23.163293859863,46.0946717304796,-36.8767586041639,22.7176370575207,7.96372401482412,-37.429911787697,-61.5202180103209,48.4497632289974,152.069419332447,2.5898332807555,44.0793022369376,-77.8919181747814,-60.3861903536811,-36.1523643414457,-181.060396685191,71.2214352548863,162.195864757912,-102.006482452255,199.059010851547,-82.3628233200799,23.2569240494435,58.6757419755302,1.66917587029034,13.092970890716,-6.16507488518613,-2.0492747863651,6.66424857403365,-0.144103530341671,-0.93097838963484,0.919831963364009,1.84044674289693,0.965645657945547,-0.128361446860976,1.23152587261318,-1.77631485367112e-12
"X90W.F_S21.Me",129.387774003248,-35.0336687536877,9.42207202160239,-32.3040516341732,-94.5054790215813,-322.421789011625,-17.4438942762433,115.169010910963,-19.1545221461612,-95.1956089560482,-32.4812754556637,39.3396341288854,7.59610210855738,-29.6735311384841,12.1884207026845,8.40196817321504,8.35523712275898,8.25077501290467,14.3979451238494,4.29722187160193,-3.21798824390635,-7.80652326259134,-5.75449019762853,-1.85857039211453,1.41543427896842,4.25161939768013,-12.0860863489808,-1.30787215229238,6.99840699038907,-14.8559040135002,-11.432419514722,24.7074472546527,186.620283869635,-47.5937138937492,6.43172068527547,17.4601470733713,5.47060710169036,-0.0152328105243579,-4.56396409143919,2.39269015841689e-12
"X90W.G_S67.Me",131.707826339697,-35.7802296816283,-2.82981865860389,-25.4853122589224,-99.6709073232245,-307.379024891157,-1.95659010514674,98.7205510194782,-26.8055494164842,-87.4241569375318,-21.1946398428566,30.3530704720473,9.9080355445155,-34.4451967459923,8.39538589295001,6.58139315322157,1.66704214885679,15.7164788822919,9.98793746759458,1.75737114402344,-1.04711991581863,-7.32597250984951,-7.33518443347157,-3.81658815246572,5.39014902302933,4.26170329918283,-2.19656320436572,-5.56079364426123,7.12785462586755,16.2548177132271,11.8404080733329,-23.6791394881434,-195.745125472443,49.8577013711506,-6.40410272607252,-19.5642881064077,-7.00622151535292,-0.197444379445424,4.08762230396678,-3.07296440897609e-12
"X91W.F_S30.Me",-31.4580271185334,23.7470718121199,-51.0952978058157,48.2402261328684,-47.3431495558784,11.5775542798756,19.3329878272262,-20.649722060585,-2.06863047749885,35.0066558974931,-72.6893615759498,23.6622923600451,-54.4144613896794,-36.4844810485893,-51.4106761471244,30.4890736426528,-63.0621890760508,146.262686128843,-63.3634064038688,-124.969808458581,-150.303499731393,78.4935708260304,179.863549968046,43.9439795034096,154.966518704314,-121.690690931432,-3.24973249003527,-29.1002008244578,59.8626512979056,-11.9299219553269,-1.92293739379571,-1.498065212648,0.995424499930536,-4.40582508098326,1.98451690270123,2.22868136873742,3.30621310829371,1.65663052533694,-1.10463862234939,8.99569166986497e-12
